Symbol,n_drugs,n_interactions,drug_names,interaction_types,sources,pooled_log2FC,rem_pvalue,rem_padj,Direction,Gene_Family,is_hub,Priority,n_cancers,cancers
CYP3A4,894,894,"ECONAZOLE NITRATE; CHEMBL:CHEMBL429095; XANTHOXYLIN; GRISEOFULVIN; EUGENYL BENZOAT; CHEMBL:CHEMBL242385; RUXOLITINIB; BREXPIPRAZOLE; 2,4,6-TRIHYDROXYACETOPHENONE; 3,6-DIMETHOXYFLAVONE; PROPRANOLOL HYDROCHLORIDE; AJMALICINE; 3,7-DIMETHOXYFLAVONE; BENZYL ISOTHIOCYANATE; ONONETIN; LAMOTRIGINE; (+)-EPITAXIFOLIN; SULFAMETHOXAZOLE; PHENYL AMINOSALICYLATE; CHEMBL:CHEMBL530733; ZM336372; ROPIVACAINE; MALATHION; CHEMBL:CHEMBL16751; DESMETHOXYYANGONIN; THIOPENTAL SODIUM; PICOTAMIDE; SB-408124; OMEPRAZOLE; KARANJIN; BITHIONOL; CHEMBL:CHEMBL124267; WHILE OLIVETOL; LETROZOLE; GUAIFENESIN; FLOPROPIONE; CHEMBL:CHEMBL362863; NATEGLINIDE; BETA-TOXICAROL; ALLOPURINOL; SAQUINAVIR; PMX53; TENOFOVIR ALAFENAMIDE; HARMAN; 4,2',4',6'-TETRAHYDROXYCHALCONE; L-741,626; GLIQUIDONE; CHEMBL:CHEMBL242172; TROPISETRON; Y-27632; PHENELZINE; RILMENIDINE HEMIFUMARATE; KAEMPHEROL; ATHRAQUINONES A; SULPIRIDE; CHEMBL:CHEMBL2094549; (S)-ROSCOVITINE; MAPROTILINE; GSK369796; FLUVASTATIN; CHELIDONINE (+); CLENBUTEROL HYDROCHLORIDE; ORSELLINIC ACID, ETHYL ESTER; QUINIDINE; LOVASTATIN; HEXESTROL; AMIDATE; TYRPHOSTIN 47; FELBAMATE; VANDETANIB; 4,4'-THIODIANILINE; TPCK; CHEMBL:CHEMBL453384; UMIFENOVIR; METHYLHOMATROPINE; ZOLPIDEM TARTRATE; RIFAMPIN; CERITINIB; DIPHENHYDRAMINE; MICAFUNGIN; OXYPHENCYCLIMINE HYDROCHLORIDE; ATRANORIN; CHEMBL:CHEMBL1256916; U50488; OKADAIC ACID; (S)-NITRENDIPINE; CODEINE ANHYDROUS; ATAZANAVIR; CLOBENPROPIT; CLONAZEPAM; CHEMBL:CHEMBL29197; MEPHENYTOIN; DARUNAVIR; AMOXICILLIN ANHYDROUS; MICONAZOLE NITRATE; CHEMBL:CHEMBL585045; &ALPHA;-ERGOCRYPTINE; CHLORDANE; RO 04-6790; TRICHOSTATIN A; ITRACONAZOLE; CANAVANINE; ACALABRUTINIB; BENZPHETAMINE; GRAVEOLINE; ARCTIGENIN; BIOCHANIN A; NIACIN; TICLOPIDINE; LENVATINIB; 5,7-DIHYDROXY-4-METHYLCOUMARIN; IBUDILAST; BROMPERIDOL; APIOL; ACETOCHLOR; CISAPRIDE; TESTOSTERONE; PROGUANIL; CYTARABINE; (S)-ALAPROCLATE; CIS-RESVERATROL; TICRYNAFEN; CISATRACURIUM BESYLATE; NAVTEMADLIN; SOBUZOXANE; CURCUMIN; COBICISTAT; (S)-PINACIDIL; CHEMBL:CHEMBL462731; CHEMBL:CHEMBL140220; DIHYDROCAPSAICIN; VILAZODONE HYDROCHLORIDE; OXYMORPHONE; 5-AMINOISOQUINOLINE; PROPAFENONE HYDROCHLORIDE; OXOGLAUCINE; L-694,247; 4'-HYDROXY-FLAVANONE; RILUZOLE; METYRAPONE; ROBUSTIC ACID; CHLORPROMAZINE; EDARAVONE; 3-ISOBUTYL-1-METHYL-7H-XANTHINE; (S)-FLUOXETINE; GLYCINE; CINALUKAST; KENPAULLONE; ZERANOL; FENTHION; PERHEXILINE; CLOPIDOGREL; FIPEXIDE HYDROCHLORIDE; DERRUSNIN; ACETAMINOPHEN; LEUPROLIDE ACETATE; AMITRIPTYLINOXIDE; ZIDOVUDINE; MELPHALAN; IBUPROFEN, SODIUM SALT; FLUOXETINE HYDROCHLORIDE; AMITRIPTYLINE HYDROCHLORIDE; HALOPERIDOL DECANOATE; ARGIPRESSIN; PREDNISONE; TACRINE; CHEMBL:CHEMBL1332182; TOXAPHENE; CHEMBL:CHEMBL221300; NALBUPHINE HYDROCHLORIDE; AG 9; GF109203X; PILOCARPINE NITRATE; FLUCONAZOLE; ALDRIN; FESOTERODINE; DEXTROMETHORPHAN POLISTIREX; DANTROLENE; CHEMBL:CHEMBL1269022; ETHAVERINE HYDROCHLORIDE; DICLOFENAC SODIUM; LY-255283; FENOFIBRATE MICRONIZED; ERIBULIN MESYLATE; AM404; CHEMBL:CHEMBL184074; PROGESTERONE; CHEMBL:CHEMBL538965; (S)-FELODIPINE; SILDENAFIL; SANGUINARINE SULFATE; CLOZAPINE; HYDROXYUREA; (3Z)-N,N-DIMETHYL-2-OXO-3-(4,5,6,7-TETRAHYDRO-1H-INDOL-2-YLMETHYLIDENE)-2,3-DIHYDRO-1H-INDOLE-5-SULFONAMIDE; CHEMBL:CHEMBL484663; 2-MERCAPTOBENZIMIDAZOLE; DERRUSTONE; IPRATROPIUM CATION; PENTAMETHYLQUERCETIN; 2-METHYL GRAMINE; DEQUALINIUM CHLORIDE; ZOLANTIDINE; AZATHIOPRINE; QUETIAPINE FUMARATE; ALAPROCLATE; CAPTAN; HEXACHLOROPHENE; CHEMBL:CHEMBL228132; PRAZOSIN HYDROCHLORIDE; BUTYLATED HYDROXYTOLUENE; RELCOVAPTAN; GLABRANIN; PODOFILOX; SP-600125; OXICONAZOLE; METHOXSALEN; ROTENONE; RALOXIFENE HYDROCHLORIDE; CEFOPERAZONE; N-DESMETHYLCLOZAPINE; CHLORPYRIFOS; ERLOTINIB; RIVAROXABAN; VINBLASTINE; CAULIBUGULONE B; BENFLUOREX HYDROCHLORIDE; PAPAVERINE; FINASTERIDE; VERAPAMIL; KETOCONAZOLE; BRADANICLINE; CHEMBL:CHEMBL1256291; CHLORAMPHENICOL; LY320135; SIBUTRAMINE HYDROCHLORIDE; ACACETIN; DIPHENYLENEIODONIUM; N-AMINOHEXYL-5-CHLORO-1-NAPTHALENESULFONAMIDE HYDROCHLORIDE; VISNAGIN; ORSELLINIC ACID; EFAVIRENZ; CLOPERASTINE HYDROCLORIDE; MEFENAMIC ACID; 12-HYDROXY-4,4-BISNOR-4,8,11,13-PODOCARPATETRAEN-3-ONE; ZEARALENONE; JNJ16259685; BERBERINE CHLORIDE; TRIFLUOPERAZINE; HARMINE; GALANGIN; GUANFACINE HYDROCHLORIDE; CHEMBL:CHEMBL227298; (R)-FELODIPINE; MUNDULONE ACETATE; ELIPRODIL; ARTEMOTIL; PD-169316; DEXAMETHASONE; CHEMBL:CHEMBL336095; LAPATINIB; ISOPIMPINELLIN; CEFTRIAXONE; MEBEVERINE HYDROCHLORIDE; GR 89696; CAPSAZEPINE; PHENOBARBITAL; LUMEFANTRINE; FLUPENTHIXOL; PF-03715455; TRIM; DAPSONE; THEOPHYLLINE; FENTANYL CITRATE; METRONIDAZOLE; CHEMBL:CHEMBL68534; ISOBERGAPTENE; PAPAVERINE HYDROCHLORIDE; FENDILINE HYDROCHLORIDE; SELEGILINE; SB 215505; FLUOROURACIL; LUZINDOLE; PINACIDIL; TRIMIPRAMINE; QUINACRINE DIHYDROCHLORIDE; TAMSULOSIN HYDROCHLORIDE; (R)-NITRENDIPINE; FASUDIL; CHEMBL:CHEMBL1320453; CHEMBL:CHEMBL578741; DOFETILIDE; 4-METHOXYDALBERGIONE; CHEMBL:CHEMBL484662; INDOMETHACIN; SERTINDOLE; ISOKOBUSONE; ISONIAZID; GUTHION; HYDROXYCHLOROQUINE; DOXORUBICIN HYDROCHLORIDE; BUTAMBEN; N-HISTIDYL-2-AMINONAPHTHALENE (BETANA); FPL64176; SB 228357; IXABEPILONE; SAPPANONE A DIMETHYL ETHER; MERCURIC CHLORIDE; PENTOSALEN; OFLOXACIN; TAMOXIFEN; DIMETHYL GAMBOGATE; ROBUSTONE; SU9516; NICARDIPINE; ISOEUGENITOL; PYRIDOSTIGMINE; LECANORIC ACID; (+/-)-PENTAACETYLCATECHIN; DEXMEDETOMIDINE HYDROCHLORIDE; SULFADIAZINE; BISACODYL; CHEMBL:CHEMBL472656; INDOMETHACIN MORPHOLINYLAMIDE; DIENESTROL; HYCANTHONE; BIPHENYL-4-AMINE; DOLASETRON; GRANISETRON; CHEMBL:CHEMBL588859; 2-METHOXY-5 (6)EPOXY-TETRAHYDROCARYOPHYLLENE; TIPRANAVIR; AG 490; CITROPTEN; AMIODARONE HYDROCHLORIDE; CHEMBL:CHEMBL1513392; MORICIZINE; OSI-930; QUERCETIN; BAICALEIN; SERTRALINE HYDROCHLORIDE; PLICAMYCIN; E324; VINDESINE; ALPHA-NAPHTHOFLAVONE; EPIGALLOCATECHIN GALLATE; GANGALEOIDIN; CHEMBL:CHEMBL1079460; PSEUDOEPHEDRINE; CHEMBL:CHEMBL587259; ARASERTACONAZOLE; CGP7930; TRIAMCINOLONE; PIPERIDOLATE HYDROCHLORIDE; VANIPREVIR; REL-CISAPRIDE; 2- (2,6-DIMETHOXYPHENOXYETHYL)AMINOMETHYL-1,4-BENZODIOXANE HYDROCHLORIDE (WB 4101); RS-100329; METHOXYFLURANE; CARBAMAZEPINE; PARATHION; ALTANSERIN; CHEMBL:CHEMBL145725; CAULIBUGULONE C; OLVANIL; MEK1/2 INHIBITOR; TABIMORELIN; GW282974X; PYRILAMINE; DROFENINE HYDROCHLORIDE; STAVUDINE; FLUNISOLIDE ANHYDROUS; CARMOFUR; CHLORANIL; SB-415286; LOSARTAN POTASSIUM; TYRPHOSTIN B48; TEBUFENOZIDE; GUGGULSTERONE; HOMIDIUM BROMIDE; TYRPHOSTIN AG 879; PTAEROXYLIN; PRIMIDONE; NSC-663284; (+/-)-ERIODICTYOL; DORZOLAMIDE; CHEMBL:CHEMBL85194; CHEMBL:CHEMBL1288014; PHLORETIN; RS-39604; ISOLIQUIRITIGENIN; IPRONIAZID; CHEMBL:CHEMBL272682; SUNITINIB; WIN55212-2; LINEZOLID; 5,7-DIHYDROXYISOFLAVONE; MONTELUKAST SODIUM; 12A-HYDROXY-5-DEOXYDEHYDROMUNDUSERONE; ARTEMETHER; PURVALANOLA; DEOXYSAPPANONE B TRIMETHYL ETHER; MESALAMINE; (-)-ROLIPRAM; GYKI53784; TYRPHOSTIN A9; 8,2'-DIMETHOXYFLAVONE; NOSCAPINE; SB202190; PRAVASTATIN SODIUM; ARTHONIOIC ACID; INDIRUBIN-3'-MONOXIME; FLUTAMIDE; GENTIAN VIOLET CATION; COUMARIN; AMPHOTERICIN B LIPOSOMAL; CHEMBL:CHEMBL533542; CHEMBL:CHEMBL225513; OXAZEPAM; INDINAVIR; L-732,138; TRIAZOLAM; ACRISORCIN; TREQUINSIN HYDROCHLORIDE; TYRPHOSTIN 25; GW0742X; STICTIC ACID; ZONISAMIDE; ALLANTODAPSONE; CHLORHEXIDINE HYDROCHLORIDE; NEOSTIGMINE BROMIDE; IMIPRAMINE HYDROCHLORIDE; HYDROXYZINE; FLUNITRAZEPAM; ALPROSTADIL; IVABRADINE; HESPERETIN; DACARBAZINE; BENZTHIAZIDE; ESMETHADONE; NEVIRAPINE; PITAVASTATIN; DISULFIRAM; TOREMIFENE; CLARITHROMYCIN; NIFEDIPINE; METHOXYVONE; BERGAPTOL; LIOTHYRONINE; RESVERATROL; TRIMETHADIONE; CHEMBL:CHEMBL126804; CHEMBL:CHEMBL581929; LUTEOLIN; CHEMBL:CHEMBL502242; MACROLIDE ANTIBIOTIC; RS-17053; METARAMINOL; IRBESARTAN; CHOLECALCIFEROL; ESOXYBUTYNIN; SIMVASTATIN; FLOXURIDINE; EHNA; AM-630; SULFAPHENAZOLE; XANTHONE; LAPACHONE; (S)-VERAPAMIL; CHEMBL:CHEMBL1420370; TERFENADINE; 6-CL-MLT; TYRPHOSTIN AG 835; CHEMBL:CHEMBL313737; RESORCINOL; TRICETIN; SORAFENIB; ML 10302; FIPEXIDE; SULFADOXINE; DACTINOMYCIN; METHADONE HYDROCHLORIDE; (R,S)-INDATRALINE; CHEMBL:CHEMBL590670; RP-67580; BERGAMOTTIN; KEPONE; CILOSTAMIDE; ZOXAZOLAMINE; LINOLENIC ACID; PSORALEN; FENRETINIDE; MELATONIN; FOSAMPRENAVIR; LINOPIRDINE; LEVOPROPOXYPHENE NAPSYLATE ANHYDROUS; CHEMBL:CHEMBL198759; PAROXETINE HYDROCHLORIDE, HEMIHYDRATE; CHEMBL:CHEMBL476501; DERRUBONE; PSORA-4; RISPERIDONE; SERICETIN DIACETATE; BW373U86; COLCHICINE; CHEMBL:CHEMBL1256025; MAPROTILINE HYDROCHLORIDE; MINOCYCLINE; GW405833; NECROSTATIN-1; GLYBURIDE; QUININE; ALTHIAZIDE; PROPAFENONE; ISOQUINE; ATORVASTATIN CALCIUM TRIHYDRATE; MRS1523; TAMOXIFEN CITRATE; SR2640; CHEMBL:CHEMBL512908; ELLIPTECINE; METHOTREXATE; MECLOFENAMATE SODIUM; DIHYDROGAMBOGIC ACID; RESORCINOL MONOACETATE; DAPH; SB 218795; ALECTINIB; HYDROXYCAMPTOTHECIN; CHEMBL:CHEMBL67535; BUSULFAN; CHEMBL:CHEMBL56393; DOCEBENONE; PIVAMPICILLIN; HYDROCORTISONE BUTYRATE; AMSACRINE; CYPROTERONE; METHYLENE BLUE; FAMPROFAZONE; GLAFENINE; CHEMBL:CHEMBL11458; DIRLOTAPIDE; NICLOSAMIDE; ETIDRONIC ACID; CYCLOSPORINE; TIOTIDINE; 8-CYCLOPENTYLTHEOPHYLLINE; 5-METHOXYPSORALEN; CLOFOCTOL; PERGOLIDE; TRIACETYLRESVERATROL; BUTORPHANOL; BUDESONIDE; 2-IODOACETAMIDE; CAULIBUGULONE D; TECHTOCHRYSIN; LANSOPRAZOLE; CHEMBL:CHEMBL187216; PHENYTOIN SODIUM; OXETHAZAINE; THIAMYLAL SODIUM; COUMAPHOS; RANOLAZINE; SULFASALAZINE; THIRAM; 4-CHLOROMERCURIBENZOIC ACID; SKIMMIANINE; CHEMBL:CHEMBL137498; GRAMINE; SULCONAZOLE NITRATE; PIRIBEDIL; AURIN; ROSUVASTATIN; KHELLIN; RANITIDINE HYDROCHLORIDE; L 755507; PYRAZINAMIDE; CHEMBL:CHEMBL457504; EMODIN; PD-98059; CHEMBL:CHEMBL1288013; DIPYRIDAMOLE; VALERIAN ROOT EXTRACT; PHENOXYBENZAMINE; NONIVAMIDE; OXYBUTYNIN; TOLUENE DIISOCYANATE; CAFFEINE; CT-1578; MINOXIDIL; 3-HYDROXY-3',4'-DIMETHOXYFLAVONE; ARTEMISININ; METHYL PARATHIONE; CHEMBL:CHEMBL184450; SALAGEN; PRE-084; CHLORPROPAMIDE; LABETALOL; NICARDIPINE HYDROCHLORIDE; (S)-NIMODIPINE; ASPIRIN; N-OLEOYLDOPAMINE; S-ETOMIDATE; ISOPROTERENOL; SAPPANONE A TRIMETHYL ETHER; MITOXANTRONE; PAREGORIC; CHEMBL:CHEMBL177809; TYRPHOSTIN 23; CHEMBL:CHEMBL74675; REMOXIPRIDE; PROADIFEN; CHEMBL:CHEMBL602418; (R)-PINOCEMBRIN; PROCHLORPERAZINE; PHENYLBUTAZONE; ETHOSUXIMIDE; GENISTEIN; FLUTICASONE; TRACAZOLATE; DICHLORODIPHENYLDICHLOROETHYLENE; MODAFINIL; TANGERETIN; RILMENIDINE; DIMETHYLPINOCEMBRIN; MITOMYCIN; AHPN; DEQUALINIUM; SCH 58261; CHEMBL:CHEMBL422942; CHLOROQUINE; GW7647; 7,3'-DIMETHOXYFLAVONE; ACACETIN DIACETATE; CHEMBL:CHEMBL101168; PROADIFEN HYDROCHLORIDE; FUROXAN; OXYMETHOLONE; CHEMBL:CHEMBL398363; HEPTACHLOR; CIMETIDINE; OXYPHENBUTAZONE; (R)-MELPHALAN; PHOSALONE; ALPRAZOLAM; DIHYDROXYPHENYLGLYCINE; PACHYRRIZINE; CHEMBL:CHEMBL84685; DOXEPIN HYDROCHLORIDE; PREDNISOLONE; WAY-100135; NICOTINE POLACRILEX; SB 222200; TOLTERODINE; REBOXETINE; TEMAZEPAM; GW1929; SAPPANONE A 7-METHYL ETHER; NILUTAMIDE; PIOGLITAZONE HYDROCHLORIDE; TRIOXSALEN; RITONAVIR; CHEMBL:CHEMBL309917; TENELIGLIPTIN; GABAPENTIN; OSTHOLE; ETHAVERINE; METHOCARBAMOL; SANGUINARIUM; METHYL ROBUSTONE; QUINALIZARIN; AVI-4557; MONASTROL; PIMPINELLIN; CYC-116; 6-O-BENZYLGUANINE; CHEMBL:CHEMBL587849; CHEMBL:CHEMBL74913; AMINOPURVALANOL A; MONOAMINE OXIDASE INHIBITOR; SB-431542; IMMUNOSUPPRESSANT; 4'-METHOXYFLAVONE; 7-OXOCALLITRISIC ACID, METHYL ESTER; ELEMICIN; CHEMBL:CHEMBL1342336; INAMRINONE; BENZPIPERYLON; MUNDULONE; U-0126; DESLORATADINE; PHENMEDIPHAM; CABAZITAXEL; 4,4'-DIMETHOXYDALBERGIONE; BECLOMETHASONE; HEXYLRESORCINOL; TYRPHOSTIN AG 555; CHEMBL:CHEMBL258767; IMATINIB; VALPROIC ACID; ETAZOLATE; IMAZODAN; DEGUELIN; MIFEPRISTONE; CHLOROTHALONIL; MENTHOFURAN; ICI-199441; DESIPRAMINE; CARMUSTINE; FLUPIRTINE; RIMCAZOLE; ESTRADIOL VALERATE; ECADOTRIL; CHOLINE CHLORIDE; LANSOPRAZOLE SULFIDE; 5,7-DIMETHOXYISOFLAVONE; PAZOPANIB; PROPANIL; FERROUS SULFATE; AZELASTINE HYDROCHLORIDE; CHEMBL:CHEMBL1397308; NITROFURANTOIN, MACROCRYSTALS; PIPERONYL BUTOXIDE; ROXINDOLE; TANSHINONE IIA SULFONATE; CGP13501; AZTREONAM; METHYLDOPA ANHYDROUS; CIPROFLOXACIN; NONOXYNOL-9; VEMURAFENIB; CORALYNE; PHENELZINE SULFATE; GOSSYPOL; ISOQUINE DIHYDROCHLORIDE; CHEMBL:CHEMBL1412710; CHEMBL:CHEMBL601110; 4,4'-METHYLENEDIANILINE; CARBETAPENTANE CITRATE; HYDRALAZINE; IMETIT; CHEMBL:CHEMBL222556; THIOPERAMIDE; MASOPROCOL; NIALAMIDE; DOLUTEGRAVIR SODIUM; BETA-CCM; MIANSERIN; TOMELUKAST; SOTALOL; HYDROMORPHONE HYDROCHLORIDE; COCAINE; TELENZEPINE; SB 206553; ISRADIPINE; OXYMETAZOLINE HYDROCHLORIDE; METYROSINE; TETRACYCLINE; PROPYLPYRAZOLETRIOL; CHEMBL:CHEMBL527271; N-[2-(2-IODO-5-METHOXY-1H-INDOL-3-YL)ETHYL]ACETAMIDE; SEVOFLURANE; MYCOPHENOLATE; AMPEROZIDE; TEBUCONAZOLE; CHEMBL:CHEMBL1310701; LOPERAMIDE; L741742; PRASTERONE; METHYSTICIN; CHEMBL:CHEMBL154580; CHEMBL:CHEMBL1374610; DRONEDARONE; CHEMBL:CHEMBL272005; BITHIONOLATE SODIUM; PHENOLPHTHALEIN; CLOMIPRAMINE; CLOFIBRATE; 1R,9S-HYDRASTINE; CHLORZOXAZONE; NARINGENIN; CELECOXIB; NITROMIDE; ASTEMIZOLE; CHEMBL:CHEMBL1572261; 2-APB; IODOPHENPROPIT; CHRYSIN; ONDANSETRON HYDROCHLORIDE; RIPRETINIB; CILOSTAZOL; SULFINPYRAZONE; DIETHYLSTILBESTROL; PIPERIDOLATE; TBBT; MERCAPTOPURINE; SB 204741; DICYCLOMINE HYDROCHLORIDE; NITAZOXANIDE; POSACONAZOLE; BIFEMELANE; CYCLOPHOSPHAMIDE ANHYDROUS; TORSEMIDE; REPAGLINIDE; HYDROCODONE; APIGENIN; CANDESARTAN CILEXETIL; CHEMBL:CHEMBL15134; SB 216763; METHAPHIT; SB203580; SAQUINAVIR MESYLATE; LEFLUNOMIDE; PIROXICAM-BETA-CYCLODEXTRIN; BERBAMINE; DILTIAZEM HYDROCHLORIDE; CLEBOPRIDE MALEATE; CROMOGLYCATE; L-162,313; NOBILETIN; TESMILIFENE; EUPARIN; 3-HYDROXYBENZYLHYDRAZINE; L-765314; ENOXOLONE; CHEMBL:CHEMBL225869; [3H]WAY100635; RHETSININE; ETOPOSIDE; PAEONOL; ENALAPRIL MALEATE; (-)-U-50488; GW5074; GENTAMICIN; GANGLEOIDIN ACETATE; BLONANSERIN; MIBEFRADIL; CL-976; 2,4,6-TRIBROMOPHENOL; FISETIN; CHEMBL:CHEMBL546597; CLEMIZOLE; PIRINIXIC ACID; CHEMBL:CHEMBL1256835; NAPROXEN SODIUM; AZITHROMYCIN ANHYDROUS; TERAZOSIN; EBSELEN; NAFTIDROFURYL; CAMPTOTHECIN; CHEMBL:CHEMBL253786; DILAZEP; RESERPINE; CHEMBL:CHEMBL1256868; XANTHINE AMINE CONGENER; ENDO-ATROPINE; DIGOXIN; TELITHROMYCIN; CLOTRIMAZOLE; PIMOZIDE; SNC80; DIDANOSINE; MIDODRINE; 3',4'-DIMETHOXYFLAVONE; NILOTINIB; LEUCINE; SULINDAC; CARBONYL CYANIDE M-CHLOROPHENYLHYDRAZONE; OXATOMIDE; SILIBININ; NISOLDIPINE; NAFRONYL OXALATE; MEDROXYPROGESTERONE ACETATE; FLUVOXAMINE; NELFINAVIR MESYLATE; CLEMASTINE; 4-{2-[(7-AMINO-2-FURAN-2-YL[1,2,4]TRIAZOLO[1,5-A][1,3,5]TRIAZIN-5-YL)AMINO]ETHYL}PHENOL; CAPSAICIN; ZUCAPSAICIN; PIPERINE; PRAZOSIN; ZILEUTON; ERYTHROMYCIN; DIHYDROXYBERGAMOTTIN; LIDOCAINE; DIMPYLATE; MECAMYLAMINE; HARMOL HYDROCHLORIDE; TROGLITAZONE; PARAROSANILINE; RU 24969; FELODIPINE; VESNARINONE; 6-METHYLFLAVONE; DANAZOL",; inhibitor,DTC; PharmGKB; DTC; NCI; PharmGKB; DTC; TTD; PharmGKB; NCI; DTC; PharmGKB; PharmGKB; NCI; DTC; NCI; ChEMBL; NCI; DTC; PharmGKB; NCI; DTC; NCI; PharmGKB; DTC; ChEMBL; ChEMBL; PharmGKB; DTC; TdgClinicalTrial,0.562497703526704,,0,Up,Other,TRUE,High,3,colorectal|esophagus|kidney
PLK1,180,180,"PURPURIN; BI 2536; ALPHAPRODINE HYDROCHLORIDE; 3,5-DIPHENYLISOXAZOLE; BI-2536; FLUPIRTINE MALEATE; CHEMBL:CHEMBL1412002; APOMORPHINE HYDROCHLORIDE HEMIHYDRATE; PYROGALLOL RED; CHEMBL:CHEMBL116548; PYRONIN Y; CHEMBL:CHEMBL588749; CHEMBL:CHEMBL534535; CHEMBL:CHEMBL523200; CHEMBL:CHEMBL1271059; CHEMBL:CHEMBL584619; CHEMBL:CHEMBL374632; GSK-461364A; GYROPHORIC ACID; SLAZINIC ACID; CHEMBL:CHEMBL164449; LANSOPRAZOLE; CHEMBL:CHEMBL577365; SENNOSIDE B; CHEMBL:CHEMBL599712; CHEMBL:CHEMBL121556; CHEMBL:CHEMBL602969; CHEMBL:CHEMBL429095; WORTMANNIN; BENSERAZIDE HYDROCHLORIDE; CHEMBL:CHEMBL103583; CHEMBL:CHEMBL1605629; CHEMBL:CHEMBL515505; PHYSODIC ACID; SCLEROTIORIN; OXYPHENBUTAZONE; CHEMBL:CHEMBL1232076; CHEMBL:CHEMBL1701915; MK-1496; CHEMBL:CHEMBL1503729; CHEMBL:CHEMBL1306556; CEFSULODIN SODIUM; VOLASERTIB; CHEMBL:CHEMBL599957; OXIDOPAMINE HYDROCHLORIDE; ELLAGIC ACID; CHEMBL:CHEMBL585628; CHEMBL:CHEMBL599924; PROROXAN HYDROCHLORIDE; CHEMBL:CHEMBL602807; HAEMATOXYLIN; ACID BLUE 129; CHEMBL:CHEMBL1426508; CHEMBL:CHEMBL599098; 4-CHLOROMERCURIBENZOIC ACID; PURPUROGALLIN; CEPHALOCHROMIN; CHEMBL:CHEMBL1519374; CHEMBL:CHEMBL125044; CHEMBL:CHEMBL1707907; TAK-960; CHEMBL:CHEMBL585279; CHEMBL:CHEMBL1451216; PENTOSALEN; CHEMBL:CHEMBL1362503; IMIDACLOPRID; CHEMBL:CHEMBL582478; CHEMBL:CHEMBL592558; SIMVASTATIN; ONVANSERTIB; STAVUDINE; CHEMBL:CHEMBL505670; SOTRASTAURIN; CHEMBL:CHEMBL297304; BENZBROMARONE; CHEMBL:CHEMBL565893; CHEMBL:CHEMBL1255944; CHEMBL:CHEMBL1310701; AROTINOID ACID; CHEMBL:CHEMBL592314; CHEMBL:CHEMBL1489812; ANTISENSE OLIGONUCLEOTIDES; CHEMBL:CHEMBL84281; INAMRINONE; CHEMBL:CHEMBL1310138; (4-CHLOROPHENYL)(MORPHOLINO)METHANETHIONE; DISULFIRAM; LOMOFUNGIN; RIGOSERTIB; TRITIOZINE; 2-HYDROXYESTRADIOL; THIOGUANOSINE; GW843682X; CHEMBL:CHEMBL274921; CAFUSERTIB; CHEMBL:CHEMBL599255; SUCCIMER; NVP-TAE684; POLO-LIKE KINASE 1 INHIBITOR GSK461364; CHEMBL:CHEMBL1871992; LITHOCHOLIC ACID; CHEMBL:CHEMBL118678; CEFAMANDOLE SODIUM; CHEMBL:CHEMBL118378; CHEMBL:CHEMBL535051; CHEMBL:CHEMBL388979; PHOSMET; RG-1530; THIRAM; CHEMBL:CHEMBL119878; OXYTETRACYCLINE ANHYDROUS; CHEMBL:CHEMBL122355; AMORFRUTIN A; IDARUBICIN; CHEMBL:CHEMBL151797; GUTHION; CHEMBL:CHEMBL223575; OLEIC ACID; TOPOTECAN HYDROCHLORIDE; TOSUFLOXACIN TOSYLATE; PENTACHLOROPHENOL; CHEMBL:CHEMBL1242101; CHEMBL:CHEMBL538798; CHEMBL:CHEMBL555260; CRYPTOTANSHINONE; 6-CHLORONICOTINIC ACID; NANAOMYCIN; DIPYRIDAMOLE; CHEMBL:CHEMBL175266; LOBARIC ACID; CHEMBL:CHEMBL590665; ACITRETIN; CHEMBL:CHEMBL548629; MYRICETIN; PROTOPORPHYRIN; LIPID ENCAPSULATED ANTI-PLK1 SIRNA TKM-PLK1; CHEMBL:CHEMBL527584; ERYTHROMYCIN; VANITIOLIDE; DIFFRACTAIC ACID; BETUNOLIC ACID; 2,6-DIMETHOXYQUINONE; CHEMBL:CHEMBL171699; THIMEROSAL; CHEMBL:CHEMBL528373; CHEMBL:CHEMBL462861; NMS-1286937; AMBUNOL; CEFACLOR ANHYDROUS; CHEMBL:CHEMBL530149; CHEMBL:CHEMBL495852; EBSELEN; 2,4-DIHYDROXYBENZOPHENONE; EMBELIN; PHA-767491; HYDROXYZINE PAMOATE; CHEMBL:CHEMBL592124; CHEMBL:CHEMBL585654; CHEMBL:CHEMBL1224755; CHEMBL:CHEMBL1486366; CHEMBL:CHEMBL1363249; 3,4-DICHLOROISOCOUMARIN; CHEMBL:CHEMBL1537417; CHEMBL:CHEMBL582764; CHEMBL:CHEMBL1287980; CHEMBL:CHEMBL1459280; PENTABROMOPHENOL; CHEMBL:CHEMBL184450; HMN-214; GW7647; EUFLAVINE; CHEMBL:CHEMBL421431; CHLORPYRIFOS; OMEPRAZOLE; FLUORESCEIN DIACETATE; HEXACHLOROPHENE; CHEMBL:CHEMBL587449; 1,4-DIMETHOXYANTHRAQUINONE; CHEMBL:CHEMBL1547715; N-OLEOYLDOPAMINE",; inhibitor,DTC; TTD; MyCancerGenome; DTC; TALC; ChEMBL; ChEMBL; NCI; TTD; ChEMBL; TTD; MyCancerGenome; TALC; ChEMBL; TTD; TALC; ChEMBL; TTD; TdgClinicalTrial; TTD; MyCancerGenome; TALC; TdgClinicalTrial; TTD; MyCancerGenome,-0.437478983588067,,0,Down,Other,TRUE,High,3,colorectal|esophagus|kidney
TOP2A,117,117,DIGITOXIN; CHEMBL:CHEMBL596082; NEMORUBICIN; CHEMBL:CHEMBL1080077; TRICITRINOL B; AMONAFIDE; EPIRUBICIN; TAS-103; ELINAFIDE; PEFLOXACIN; FLEROXACIN; VOSAROXIN; IDARUBICIN; GEPOTIDACIN; SECAUBRYOLIDE; ELSAMITRUCIN; CHEMBL:CHEMBL2332128; FISETIN; GENISTEIN; ROSOXACIN; DOXORUBICIN HYDROCHLORIDE; DAUNORUBICIN LIPOSOMAL; CAMPTOTHECIN; TENIPOSIDE; NOVOBIOCIN; UNGEREMINE; PAZUFLOXACIN; DEXRAZOXANE; ETOPOSIDE; CHEMBL:CHEMBL2023733; TIRAPAZAMINE; DACTINOMYCIN; CHEMBL:CHEMBL594259; CHEMBL:CHEMBL2171781; BECATECARIN; CAELYX; PODOFILOX; BROXURIDINE; ANTHRACYCLINE ANTINEOPLASTIC ANTIBIOTIC; FLUOROURACIL; PIXANTRONE; SIMOCYCLINONE D8; BETULIN; CHEMBL:CHEMBL2171794; ACRIDINE CARBOXAMIDE; ACLARUBICIN; KAEMPFERITRIN; CHEMBL:CHEMBL593570; DANIQUIDONE; DAUNORUBICIN CITRATE; AMRUBICIN; ETOPOSIDE PHOSPHATE; DEXRAZOXANE HYDROCHLORIDE; DOXORUBICIN-MAGNETIC TARGETED CARRIER COMPLEX; DOXORUBICIN-HPMA CONJUGATE; LOMEFLOXACIN; ELLIPTECINE; AMSACRINE; CHEMBL:CHEMBL2332126; CHEMBL:CHEMBL507986; CHEMBL:CHEMBL1773343; AMRUBICIN HYDROCHLORIDE; CHEMBL:CHEMBL594153; LUPEOL; GRC-6211; LYCOBETAINE; CHEMBL:CHEMBL2332127; HYDROQUINONE; ENOXACIN; VINCRISTINE; DEMETHYLZEYLASTERONE; CINOXACIN; 4'-O-ACETYLPATENTIFLORIN B; MAKALUVAMINE E; IDRONOXIL; DTS-201; CHEMBL:CHEMBL594695; TAFLUPOSIDE; ANNAMYCIN LIPOSOMAL; DIAZIRINE; MAKALUVAMINE A; BERUBICIN; MAKALUVAMINE F; ETOPOSIDE TONIRIBATE; QUERCETIN; CHEMBL:CHEMBL594257; CHEMBL:CHEMBL607534; DIPHYLLIN; MITOXANTRONE HYDROCHLORIDE; FRANGULIN B; CHEMBL:CHEMBL594379; CHEMBL:CHEMBL244268; MYRICETIN; 13-DEOXYDOXORUBICIN; LUCANTHONE; PYRAZOLOACRIDINE; NALIDIXIC ACID; FLUOROQUINOLONE ANTIBIOTIC; C-1311; OLEANDEROLIDE; RTA 744; DOXORUBICIN-ELUTING BEADS; ADRIAMYCIN; L-377202; CARINATIN G; DAUNORUBICIN HYDROCHLORIDE; BERUBICIN HYDROCHLORIDE; SABARUBICIN; MAKALUVAMINE C TFA SALT; GANCOTAMAB; ALDOXORUBICIN; MITOXANTRONE; VALRUBICIN; FLUOROQUINOLONE; PACLITAXEL; HURATOXIN; CHEMBL:CHEMBL2171812,; inhibitor,DTC; TTD; TdgClinicalTrial; DTC; TEND; TTD; TdgClinicalTrial; PharmGKB; TTD; TdgClinicalTrial; ChEMBL; TEND; TTD; TdgClinicalTrial; ChEMBL; ClearityFoundationClinicalTrial; TEND; TTD; TdgClinicalTrial; DTC; ChEMBL; NCI; TdgClinicalTrial; DTC; ChEMBL; NCI; TEND; TTD; NCI; TdgClinicalTrial; ChEMBL; ChEMBL; TTD; NCI; ChEMBL; TEND; TTD; NCI; CIViC; TdgClinicalTrial; DTC; ChEMBL; TdgClinicalTrial; ChEMBL; ClearityFoundationBiomarkers; TEND; TTD; TdgClinicalTrial; CGI; NCI; PharmGKB; TTD; CIViC; TTD; NCI; CIViC; DTC; ChEMBL; ClearityFoundationClinicalTrial; TdgClinicalTrial; TEND; TTD; NCI; TdgClinicalTrial,0.011490651043307,,0,Up,DNA Repair/Replication,TRUE,High,3,colorectal|esophagus|kidney
MET,100,104,MK-2461; PF-04217903; CABOZANTINIB S-MALATE; CAPMATINIB; GLESATINIB; CRIZOTINIB; TEPOTINIB; AMUVATINIB; ANTI-C-MET MONOCLONAL ANTIBODY SAIT301; BMS-777607; CMX-2043; AMG-337; DACTOLISIB; MET TYROSINE KINASE INHIBITOR SGX523; ERLOTINIB; FORETINIB; AMG-208; ONARTUZUMAB; TIVANTINIB; BMS-698769; MERESTINIB; CETUXIMAB; GEFITINIB; PAZOPANIB; SAVOLITINIB; ALTIRATINIB; EPICATECHIN GALLATE; EPIGALLOCATECHIN-3-GALLATE; EMD-1204831; EMIBETUZUMAB; EUCALYPTIN A; VEBRELTINIB; OSIMERTINIB; OLEOCANTHAL; ROCILETINIB; ENTRECTINIB; JNJ-38877605; YUANHUADINE; JNJ-7706621; BPI-9016; TELISOTUZUMAB; SU11274; SP-600125; EMB-01; PALBOCICLIB; ILORASERTIB; ANTI-MET MONOCLONAL ANTIBODY MIXTURE SYM015; GALLOCATECHIN GALLATE; BEPERMINOGENE PERPLASMID; CENISERTIB; MK-8033; CHEMBL:CHEMBL1997335; TAMATINIB; TEREVALEFIM; CP-547632; SAR-125844; C-MET INHIBITOR AMG 337; GOLVATINIB; PAMUFETINIB; TYROSOL SINAPATE; CAPMATINIB HYDROCHLORIDE; PF-562271; CEP-11981; SITRAVATINIB; CRENOLANIB; NVP-TAE684; ANTI-EGFR MONOCLONAL ANTIBODY; C-MET INHIBITOR; PEMBROLIZUMAB; CYC-116; SELUMETINIB; VEMURAFENIB; MACROCARPAL A; METATINIB; LINIFANIB; C-MET INHIBITOR MK2461; CHEMBL:CHEMBL546797; PANITUMUMAB; PD-0166285; BMS-754807; AMIVANTAMAB; MITOGEN-ACTIVATED PROTEIN KINASE KINASE INHIBITOR; LAPATINIB; ZM447439; MACROCARPAL B; C-MET INHIBITOR AMG 208; SNS-314; TELISOTUZUMAB VEDOTIN; CHEMBL:CHEMBL399530; TEPOTINIB HYDROCHLORIDE; APRATOXIN F; TRAMETINIB DIMETHYL SULFOXIDE; ANTI-MET/EGFR MONOCLONAL ANTIBODY LY3164530; NINGETINIB; SGX-523; BAY 61-3606; BMS-817378; TRASTUZUMAB; PHA-665752; ARRY-300,inhibitor; ; inhibitor; antibody; antibody; inhibitor; agonist; binder,TTD; MyCancerGenome; ChEMBL; MyCancerGenome; DTC; ChEMBL; COSMIC; ClearityFoundationClinicalTrial; CGI; TTD; MyCancerGenomeClinicalTrial; MyCancerGenome; CIViC; TdgClinicalTrial; ClearityFoundationBiomarkers; OncoKB; CancerCommons; TALC; ChEMBL; TTD; MyCancerGenome; CIViC; PharmGKB; OncoKB; CancerCommons; TALC; ChEMBL; COSMIC; MyCancerGenome; TdgClinicalTrial; CancerCommons; TALC; ChEMBL; CGI; TTD; MyCancerGenomeClinicalTrial; MyCancerGenome; CIViC; DoCM; TdgClinicalTrial; ClearityFoundationBiomarkers; PharmGKB; OncoKB; TALC; ChEMBL; COSMIC; TTD; MyCancerGenome; CIViC; PharmGKB; DTC; ChEMBL; MyCancerGenome; TdgClinicalTrial; TALC; ChEMBL; CIViC; TTD; ChEMBL; DTC; TTD; TdgClinicalTrial; TALC; PharmGKB; OncoKB; DTC; TTD; MyCancerGenome; CIViC; TdgClinicalTrial; CancerCommons; TALC; ChEMBL; MyCancerGenome; CIViC; TdgClinicalTrial; CancerCommons; TALC; ChEMBL; TTD; MyCancerGenomeClinicalTrial; MyCancerGenome; TdgClinicalTrial; CancerCommons; TALC; ChEMBL; TTD; ChEMBL; CIViC; OncoKB; DTC; CGI; TTD; CIViC; ChEMBL; COSMIC; TTD; MyCancerGenome; TALC; ChEMBL; CGI; OncoKB; CGI; MyCancerGenomeClinicalTrial; MyCancerGenome; TALC; CGI; CIViC; TTD; TALC,-0.417543107981911,,0,Down,Kinase,TRUE,High,3,colorectal|esophagus|kidney
BIRC5,87,88,"GENISTEIN; EPOETIN ALFA; FLUOROURACIL; PTHRP-(1-34) (HUMAN); LY2181308; [ILE5]PTHRP-(1-36); PTH-(1-34) (RAT); TRETINOIN; AS101; TIP39-(7-39) (MOUSE); EPIRUBICIN; MYCOPHENOLATE; [HIS5]PTH-(1-34) (HUMAN); [ILE5,TRP23,TYR36]PTHRP-(1-36)-NH2 (HUMAN); TRASTUZUMAB; INTERLEUKIN-11; [ILE5,TRP23]PTHRP-(1-36) (HUMAN); TIP39; PTHRP-(1-21)/PTH-(22-34) (HUMAN); VORINOSTAT; [125I][NLE8,21,TYR34]PTH-(1-34)-NH2 (RAT); IAP INHIBITOR HGS1029; DEXAMETHASONE; DOXORUBICIN HYDROCHLORIDE; OMACETAXINE MEPESUCCINATE; TIP39-(7-39) (HUMAN/BOVINE); ARSENIC TRIOXIDE; IL-12; [D-TRP12,TYR34]PTH-(7-34) (BOVINE); ROFECOXIB; CAMPTOTHECIN; SEPANTRONIUM BROMIDE; STAUROSPORINE; [TRP23]PTHRP-(1-36) (HUMAN); TERIPARATIDE; CALCITONIN; VALDECOXIB; [ILE5,TRP23]PTHRP-(2-36) (HUMAN); IMATINIB; SURVAXM; ANTIOXIDANT; PROTEASOME INHIBITOR; DOCETAXEL ANHYDROUS; LONAFARNIB; ERLOTINIB; INTERFERON BETA-1A; [TRP23,TYR36]PTHRP-(1-36)-NH2 (HUMAN); [ILE5,TRP23]PTHRP-(5-36); PLICAMYCIN; RAS INHIBITOR; INDOMETHACIN; PACLITAXEL; SURVIVIN MRNA ANTAGONIST EZN-3042; PLATINUM COMPOUND; FLUTAMIDE; PTHRP-(1-36); ANTINEOPLASTIC VACCINE; MAVEROPEPIMUT-S; CISPLATIN; [ILE5,TRP23]PTHRP-(4-36) (HUMAN); RESVERATROL; [D-TRP12]PTH-(7-34) (BOVINE); PLEVITREXED; ACELLULAR DERMAL MATRIX; COMPOUND III [PMID: 24080463]; TETRADECANOYLPHORBOL ACETATE; [PHE23]PTH-(1-34) (HUMAN); UCN-01; [ILE5,TRP23]PTHRP-(3-36) (HUMAN); RECOMBINANT INTERLEUKIN-1; PRASTERONE; CYTARABINE; LAPATINIB; NONSTEROIDAL ANTIINFLAMMATORY DRUG; TRAIL; IRINOTECAN HYDROCHLORIDE; PTHRP-(7-34) (HUMAN, RAT, MOUSE); PD-98059; CARBOPLATIN; DACTINOMYCIN; SVN53-67/M57-KLH PEPTIDE VACCINE; ENZYME INHIBITOR; METHOTREXATE; [ILE5,TRP23]PTHRP-(5-36) (HUMAN); ROMIDEPSIN; SULINDAC; GM-CSF",; agonist; inhibitor; vaccine,NCI; GuideToPharmacology; TdgClinicalTrial; TALC; NCI; CIViC; TdgClinicalTrial; TALC; TTD; ClearityFoundationBiomarkers; NCI; ClearityFoundationBiomarkers; CIViC; ChEMBL; NCI; PharmGKB,-0.142691727984093,,0,Down,Other,TRUE,High,3,colorectal|esophagus|kidney
ANPEP,68,68,"PROTEASE INHIBITOR; HALOPERIDOL DECANOATE; LY379268; BTB07018; COMPOUND 2 [PMID: 21105727]; CBIPES; MNI-135; COMPOUND 4 [PMID: 21105727]; COMPOUND 48 [PMID: 22364337]; ANGIOGENESIS INHIBITOR; TRIBUTYRIN; BETULINIC ACID; [3H]2,2,2-TEMPS; JNJ-46281222; THIIC; NALOXONE HYDROCHLORIDE; COLCHICINE; (2R,3R)-APDC; CURCUMIN; TOSEDOSTAT; CNGRC PEPTIDE-TNF ALPHA CONJUGATE; DICLOFENAC SODIUM; COMPOUND I3 [PMID: 23428964]; L-CCG-I; JFD00064; MNI-136; LY395756; BIPHENYLINDANONE A; [3H]LY341495; EPOETIN ALFA; MNI-137; ZINC CHLORIDE; 4-APPES; DCG-IV; COMPOUND 34 [PMID: 20409708]; PTBE; OPIORPHIN; RO4491533; GENTAMICIN; CEPHALOSPORIN ANTIBIOTIC; GLUTAMIC ACID; IL-13; [3H]JNJ-40068782; (+)-MCPG; JNJ-40411813; JNJ-40068782; CEFADROXIL ANHYDROUS; MITOFLAXONE; CISPLATIN; LY341495; 3-MPPTS; CYCLOSPORINE; JNJ-42153605; (1S,3R)-ACPD; AZD8529; EGLUMEGAD; 4-MPPTS; ZINC SULFATE ANHYDROUS; UBENIMEX; THERAPEUTIC HORMONE; GSK1331258; RECOMBINANT TRANSFORMING GROWTH FACTOR; PL37; COMPOUND 3 [PMID: 21105727]; GSK1331268; GAMMA-INTERFERON; COMPOUND 1A [PMID: 25692029]; CYPPTS",; agonist; inhibitor; modulator,NCI; GuideToPharmacology; TALC; ChEMBL; TALC; TdgClinicalTrial,-0.155625152072458,,0,Down,Other,TRUE,High,3,colorectal|esophagus|kidney
AURKA,57,58,VIC 1911; CENISERTIB; BI-847325; GSK-269962A; XL228; BETA-CARBOLINE; AMG-900; PF-03814735; ALISERTIB; ENMD-981693; PLATINUM COMPOUND; ANACARDIC ACID; GO-6976; CYC-116; CYC116; PAZOPANIB; SNS-314; CHEMBL:CHEMBL546797; AT9283; DANUSERTIB; NVP-TAE684; DIMETHYLADENINE; ALISERTIB SODIUM; TAMOXIFEN; NERVIANO; TOZASERTIB; PF-562271; MLN8054; KENPAULLONE; TOZASERTIB LACTATE; CHEMBL:CHEMBL578061; MLN-8054; JNJ-7706621; ENTRECTINIB; CP-547632; TAMATINIB; HESPERADIN; ILORASERTIB; RG-1530; AURORA A KINASE INHIBITOR MK5108; KW-2449; GW441756X; ZM447439; MK-5108; MK-6592; PACLITAXEL; BARASERTIB-HQPA; AURORA KINASE INHIBITOR AMG 900; TTP-607; AST-487; BARASERTIB; FLUOROURACIL; AT-9283; SORAFENIB; CISPLATIN; ENMD-2076; EUPATORIN,inhibitor; ,TTD; ChEMBL; TALC; ChEMBL; MyCancerGenome; TTD; TdgClinicalTrial; DTC; MyCancerGenome; DTC; TdgClinicalTrial; TALC; ClearityFoundationClinicalTrial; MyCancerGenome; TALC; ChEMBL; MyCancerGenome; TALC; TALC; MyCancerGenome; MyCancerGenomeClinicalTrial; CancerCommons; ChEMBL; TTD; DTC; TdgClinicalTrial; CIViC; ChEMBL; CIViC; ChEMBL; DTC; TALC; TTD; TdgClinicalTrial; TTD; ChEMBL; TdgClinicalTrial; DTC; MyCancerGenome; TdgClinicalTrial; MyCancerGenome; TTD; TALC; TTD; ChEMBL; MyCancerGenome; ClearityFoundationClinicalTrial; ChEMBL; TALC; DTC; TdgClinicalTrial; TTD; DTC; ChEMBL; TTD; DTC; ChEMBL; MyCancerGenome; TALC; ClearityFoundationClinicalTrial; MyCancerGenome; TTD; TdgClinicalTrial; ChEMBL,-0.627417318028437,,0,Down,Other,TRUE,High,3,colorectal|esophagus|kidney
FCGR3A,54,54,AFM-13; TRASTUZUMAB; TOMIVOSERTIB; PUROMYCIN; MAFOSFAMIDE; PICIBANIL; RECOMBINANT INTERLEUKIN-8; RECOMBINANT FLT3 LIGAND; PREDNISOLONE; FAS LIGAND; MATRIX METALLOPROTEINASE INHIBITOR; GELDANAMYCIN; PROTEASE INHIBITOR; DOXORUBICIN HYDROCHLORIDE; IMGATUZUMAB; TETRADECANOYLPHORBOL ACETATE; RECOMBINANT HUMAN STEM CELL FACTOR; EPOETIN ALFA; CA19-9 ANTIGEN; CETUXIMAB; IL-18; LACTULOSE; DIMETHYL SULFOXIDE; UBENIMEX; POLY IC; ANTI-THYMOCYTE GLOBULIN; HEPARIN; BAY-985; IMMUNOSUPPRESSANT; THALIDOMIDE; SODIUM CHLORIDE; PENICILLIN; VINCRISTINE; CIMETIDINE; LIF; IMMUNOTHERAPEUTIC AGENT; H2O2; COMPOUND 7 [PMID: 34333981]; ANGIOGENESIS INHIBITOR; CYTARABINE; CYCLOSPORINE; RECOMBINANT EOTAXIN; GMA-161; TOCILIZUMAB; INDOMETHACIN; TESMILIFENE; MUROMONAB-CD3; MARGETUXIMAB; AT-9283; RITUXIMAB; CHONDROITIN SULFATES; ALDESLEUKIN; FENTANYL CITRATE; CYCLOPHOSPHAMIDE ANHYDROUS,; inhibitor; modulator,TTD; NCI; PharmGKB; GuideToPharmacology; NCI; ChEMBL; PharmGKB,-0.378444059889372,,0,Down,Other,TRUE,High,3,colorectal|esophagus|kidney
CDK1,50,50,SELICICLIB; DINACICLIB; CENISERTIB; RIVICICLIB; SP-600125; GW441756X; RONICICLIB; RGB-286638; CLOFIBRATE; BMS-345541; CINNARIZINE; RG-1530; AZD-1080; (RS)-ROSCOVITINE; RUCAPARIB; ZOTIRACICLIB; PHA-767491; NVP-TAE684; MKC-1; INDIRUBIN-3'-MONOXIME; PROTUBOXEPIN A; R547; FENOFIBRATE MICRONIZED; GO-6976; CLOTRIMAZOLE; TAMATINIB; AZD5438; AT-7519; SOTRASTAURIN; CDK1/2/4 INHIBITOR AG-024322; ALVOCIDIB; CHEMBL:CHEMBL578061; ALSTERPAULLONE; SNS-314; LADUVIGLUSIB; BAY 61-3606; LAUROGUADINE; PF-562271; SERTRALINE HYDROCHLORIDE; KENPAULLONE; ROTENONE; CYC-116; PHA-793887; LY-2090314; WITHAFERIN A; ARUNCIN B; MILCICLIB; AG-24322; BAY 11-7082; PATULIN,inhibitor; ,TTD; ChEMBL; ClearityFoundationClinicalTrial; MyCancerGenomeClinicalTrial; MyCancerGenome; CancerCommons; ChEMBL; DTC; TTD; CancerCommons; ChEMBL; ChEMBL; TTD; DTC; ChEMBL; MyCancerGenome; TdgClinicalTrial; ChEMBL,-0.381338854238359,,0,Down,Kinase,TRUE,High,3,colorectal|esophagus|kidney
SERPINE1,34,34,"DIAPLASININ; LEVOTHYROXINE; GLYCYRRHETINIC ACID; RECOMBINANT INTERLEUKIN; THROMBOLYTIC AGENT; ORLISTAT; THR-18; AZATHIOPRINE; NIMODIPINE; NORETHINDRONE ACETATE; RETINOIC ACID AGENT; ANTIDEPRESSANT AGENT; METHYLPREDNISOLONE; URIDINE; ORAL CONTRACEPTIVE; ARGIPRESSIN; ESTROGENS, CONJUGATED (USP); TIPLASININ; UROKINASE; RECOMBINANT MONOCYTE CHEMOATTRACTANT PROTEIN-1; DEFIBROTIDE; HYDROCHLOROTHIAZIDE; GM-CSF; ARSENIC TRIOXIDE; CETRORELIX; CITALOPRAM; BROXURIDINE; CAPTOPRIL; ALEPLASININ; TINZAPARIN SODIUM; DEXAMETHASONE; ALITRETINOIN; EPIRUBICIN; FLUOXETINE HYDROCHLORIDE",; inhibitor,TTD; NCI; PharmGKB; DTC; TdgClinicalTrial; TTD; ChEMBL,-0.911286446884938,,0,Down,Other,TRUE,High,3,colorectal|esophagus|kidney
FCGR3B,33,33,CYCLOSPORINE; ANGIOGENESIS INHIBITOR; IL-18; RECOMBINANT INTERLEUKIN-8; BETA-GLUCAN; PUROMYCIN; GELDANAMYCIN; ALDESLEUKIN; TETRADECANOYLPHORBOL ACETATE; PREDNISOLONE; CHOLECALCIFEROL; PENICILLIN; EPOETIN ALFA; FENTANYL CITRATE; FAS LIGAND; INDOMETHACIN; MAFOSFAMIDE; PICIBANIL; POLY IC; IMMUNOTHERAPEUTIC AGENT; SODIUM CHLORIDE; PROGESTIN; CHONDROITIN SULFATES; CYTARABINE; METHOTREXATE; DOXORUBICIN HYDROCHLORIDE; LACTULOSE; LIF; THALIDOMIDE; DIMETHYL SULFOXIDE; PROTEASE INHIBITOR; HEPARIN; METHIMAZOLE,"",NCI,-0.837395912809679,,0,Down,Other,TRUE,High,3,colorectal|esophagus|kidney
E2F1,29,29,ARGIPRESSIN; THERAPEUTIC HORMONE; ETOPOSIDE; CARMUSTINE; EDIFOLIGIDE; HOECHST 33258; BORTEZOMIB; IRINOTECAN HYDROCHLORIDE; URSODIOL; FLUOROURACIL; ESTRADIOL VALERATE; ASCORBIC ACID; RAS INHIBITOR; GP-120 ANTIGEN; NERVE GROWTH FACTOR; PRIMAQUINE; METHOTREXATE; CISPLATIN; RECOMBINANT HEPATOCYTE GROWTH FACTOR; ACETYLCYSTEINE; NICOTINE POLACRILEX; ADRIAMYCIN; QUERCETIN; PACLITAXEL; DIETHYLSTILBESTROL; LARGAZOLE; ANTISENSE OLIGONUCLEOTIDES; TETRADECANOYLPHORBOL ACETATE; EDIFOLIGIDE SODIUM,; inhibitor,NCI; ChEMBL; DTC,-0.0615016689333209,,0,Down,Other,TRUE,High,3,colorectal|esophagus|kidney
MMP9,25,25,CURCUMIN PYRAZOLE; TST10088; CELECOXIB; CURCUMIN; TOZULERISTIDE; SHARK CARTILAGE EXTRACT AE-941; HYDRALAZINE; ULINASTATIN; BEVACIZUMAB; CARBOXYLATED GLUCOSAMINE; METHYLDOPA ANHYDROUS; ANDECALIXIMAB; DP-B99; NEOVASTAT; PRINOMASTAT; REBIMASTAT; INCYCLINIDE; CTS-1027; DEMETHYLWEDELOLACTONE; S-3304; ILOMASTAT; MARIMASTAT; AZD-1236; ANTIHYPERTENSIVE AGENT; NIFEDIPINE,; inhibitor; vaccine,DTC; TdgClinicalTrial; PharmGKB; TTD; CIViC; TTD; ChEMBL; TALC; ChEMBL; TEND; TdgClinicalTrial; ChEMBL,0.0813498091871258,,0,Up,Protease,TRUE,High,4,colorectal|esophagus|kidney|pancreatic
COL12A1,22,22,"COMPOUND 29 [MOSLIN ET AL., 2017]; RO20-1724; PDE4 INHIBITOR 16; DIFAMILAST; MANGOSTIN; TALAROTERPHENYL A; BPN14770; TODDACOUMALONE; LEO 29102; 6-HYDROXY-5,7-DIMETHOXYFLAVONE; COMPOUND 3M [PMID: 32603117]; APREMILAST; LEO 239652; MK-0359; MANGOSTANIN; CBS-3595; MORACIN M; CDP840; &ALPHA;-MANGOSTIN DERIVATIVE 4E; RS-25344; ROLIPRAM; NERANDOMILAST",inhibitor; modulator,GuideToPharmacology,-0.851865298868254,,0,Down,Other,TRUE,High,3,colorectal|esophagus|pancreatic
MELK,20,20,LINIFANIB; DOVITINIB; SB220025; OTSSP167; RG-1530; MLN-8054; AST-487; BMS-387032; ILORASERTIB; SNS-314; NVP-TAE684; CENISERTIB; CC-401; SP-600125; PF-562271; JNJ-7706621; GW843682X; TOZASERTIB; PP2; MELK-TI,; inhibitor,DTC; TTD; GuideToPharmacology; GuideToPharmacology,0.0487300855038019,,0,Up,Other,TRUE,High,3,colorectal|esophagus|kidney
CXCL10,16,17,GM-CSF; STAVUDINE; PEGINTERFERON ALFA-2B; IROPLACT; METHYLPREDNISOLONE; ELDELUMAB; ATORVASTATIN CALCIUM TRIHYDRATE; HUMAN CHORIONIC GONADOTROPIN; OXALIPLATIN; NI-0801; ATROPINE; RITONAVIR; PEGINTERFERON ALFA-2A; TESTOSTERONE; ANTIBIOTIC; ZIDOVUDINE,; inhibitor,NCI; PharmGKB; TTD; TdgClinicalTrial; TTD; ChEMBL; ChEMBL,-0.367207465330232,,0,Down,Other,TRUE,High,3,colorectal|esophagus|kidney
NEK2,15,15,CHEMBL:CHEMBL1997335; DOVITINIB; ILORASERTIB; HESPERADIN; GW441756X; SP-600125; ADAVOSERTIB; CENISERTIB; GW843682X; DACTOLISIB; TAMATINIB; PAZOPANIB; PALBOCICLIB; NVP-TAE684; CYC-116,; inhibitor,DTC,-0.238075311765523,,0,Down,Other,TRUE,High,3,colorectal|esophagus|kidney
MMP3,14,14,PRINOMASTAT; CTS-1027; BERKELEYTRIONE; MARIMASTAT; PRAVASTATIN SODIUM; BERKELEYACETAL B; BERKELEYAMIDE B; LISINOPRIL ANHYDROUS; ILOMASTAT; BERKELEYDIONE; CHLORTHALIDONE; BERKELEYAMIDE C; BERKELEYACETAL C; BERKELEYACETAL A,vaccine; inhibitor; ,TALC; ChEMBL; DTC; TEND; TdgClinicalTrial; ChEMBL; PharmGKB; TTD,-2.80362359182596,,0,Down,Protease,TRUE,High,3,colorectal|esophagus|pancreatic
FN1,13,13,ONFEKAFUSP ALFA; COMPOUND 28 [PMID: 16460935]; L19TNFA; RADRETUMAB; DAROMUN; SUTIMLIMAB; MU-BC-1; L19IL2; AS-1409; DACARBAZINE; OCRIPLASMIN; L19SIP 131I; AS1409,; inhibitor; binder; antibody; cleavage; other/unknown,TTD; GuideToPharmacology; ChEMBL; CIViC; CIViC; ChEMBL; TTD; ChEMBL; TdgClinicalTrial,0.713039982957116,,0,Up,Other,TRUE,High,3,esophagus|kidney|pancreatic
RRM2,13,13,MOTEXAFIN GADOLINIUM; FLUDARABINE; LY-2334737; CLADRIBINE; GEMCITABINE; TRIAPINE; TEZACITABINE; TRANSFERRIN RECEPTOR-TARGETED ANTI-RRM2 SIRNA CALAA-01; CYTARABINE; CLOFARABINE; GEMCITABINE ELAIDATE; GALLIUM NITRATE; HYDROXYUREA,inhibitor; ,TdgClinicalTrial; ChEMBL; ChEMBL; TTD; PharmGKB; ClearityFoundationClinicalTrial; TTD; ChEMBL; TTD; TdgClinicalTrial; TALC; TTD; ChEMBL,-0.161254876800356,,0,Down,Other,TRUE,High,3,colorectal|esophagus|kidney
CD80,12,12,ABATACEPT; METHYLPREDNISOLONE; ANTINEOPLASTIC VACCINE; BELATACEPT; DNA VACCINE; CLOPIDOGREL; ROXITHROMYCIN; CYCLOSPORINE; PICIBANIL; TOREMIFENE; GALIXIMAB; VIAGENPUMATUCEL-L,inhibitor; ,TdgClinicalTrial; TEND; TTD; ChEMBL; NCI; NCI; ChEMBL; TdgClinicalTrial; PharmGKB; TdgClinicalTrial; ChEMBL; TTD; TTD,0.597733167078979,,0,Up,Other,TRUE,High,3,esophagus|kidney|pancreatic
COL1A2,9,9,TNF-ALPHA; ST034307; RECOMBINANT TRANSFORMING GROWTH FACTOR-BETA-2; RECOMBINANT INTERFERON; DAUNORUBICIN LIPOSOMAL; RECOMBINANT TRANSFORMING GROWTH FACTOR; OCRIPLASMIN; COLLAGENASE CLOSTRIDIUM HISTOLYTICUM; DOXORUBICIN HYDROCHLORIDE,; inhibitor; cleavage,NCI; GuideToPharmacology; PharmGKB; ChEMBL; TEND; TdgClinicalTrial; ChEMBL,-0.213468700311154,,0,Down,Other,TRUE,High,4,colorectal|esophagus|kidney|pancreatic
BUB1,8,8,GATX2; NPPB; OMEPRAZOLE; LUBIPROSTONE; ZN2+; CD2+; DIPHENYLAMINE-2-CARBOXYLIC ACID; ARACHIDONIC ACID,blocker; activator,GuideToPharmacology,0.0692004671671995,,0,Up,Other,TRUE,High,3,colorectal|esophagus|kidney
COL1A1,7,7,PAMIDRONATE; OCRIPLASMIN; ZOLEDRONIC ACID ANHYDROUS; ETIDRONIC ACID; COLLAGENASE CLOSTRIDIUM HISTOLYTICUM; VALPROIC ACID; SOMATROPIN (RECOMBINANT DNA ORIGIN),; cleavage,PharmGKB; ChEMBL; TEND; TdgClinicalTrial; ChEMBL,-0.24132960603813,,0,Down,Other,TRUE,High,4,colorectal|esophagus|kidney|pancreatic
SERPINH1,6,6,DL-TBOA; ANTISENSE OLIGONUCLEOTIDES; ASPARTIC ACID; [3H]D-ASPARTIC ACID; THREO-3-METHYLGLUTAMATE; MONOCLONAL ANTIBODY 11D10,inhibitor; ,GuideToPharmacology; NCI,-0.0901274612999655,,0,Down,Other,TRUE,High,4,colorectal|esophagus|kidney|pancreatic
GZMB,5,5,NSC 780521; GKT136901; COMPOUND 7C [PMID: 22041175]; HEXACHLOROPHENE; SETANAXIB,inhibitor; ,GuideToPharmacology; DTC,-0.317009256344627,,0,Down,Other,TRUE,High,3,colorectal|esophagus|kidney
COL4A1,4,4,FD6; OCRIPLASMIN; COLLAGENASE CLOSTRIDIUM HISTOLYTICUM; NKY80,activator; cleavage; inhibitor,GuideToPharmacology; ChEMBL,-0.65937313921611,,0,Down,Other,TRUE,High,3,colorectal|esophagus|kidney
HMMR,4,4,FLUOROURACIL; HYALURONIC ACID; EPIRUBICIN; CYCLOPHOSPHAMIDE ANHYDROUS,"",PharmGKB; TdgClinicalTrial,-0.342530713566031,,0,Down,Other,TRUE,High,3,colorectal|esophagus|kidney
BUB1B,3,3,3-PHENYL-CPP; NIFLUMIC ACID; DIDS,blocker; activator,GuideToPharmacology,-0.0487627703759156,,0,Down,Other,TRUE,High,3,colorectal|esophagus|kidney
CCNB1,3,3,KENPAULLONE; PROTOAPIGENONE; SELICICLIB,"",TTD; DTC,-0.416545647069521,,0,Down,Other,TRUE,High,3,colorectal|esophagus|kidney
CDC6,3,3,BAY-8002; 7ACC2; AZD3965,inhibitor,GuideToPharmacology,-0.298369505202689,,0,Down,Other,TRUE,High,3,colorectal|esophagus|kidney
COL4A2,3,3,OCRIPLASMIN; COLLAGENASE CLOSTRIDIUM HISTOLYTICUM; NAVOXIMOD,cleavage; ,ChEMBL; TTD,0.10554171107504,,0,Up,Other,TRUE,High,3,esophagus|kidney|pancreatic
EXO1,3,3,CAPECITABINE; PEMETREXED DISODIUM; FLUOROURACIL,"",PharmGKB,-0.274266783529746,,0,Down,Other,TRUE,High,3,colorectal|esophagus|kidney
FCER1G,3,3,ASPIRIN; COMPOUND 66 [PMID: 21802293]; BENZYLPENICILLOYL POLYLYSINE,; inhibitor,PharmGKB; GuideToPharmacology; TEND; TdgClinicalTrial,0.556115086481289,,0,Up,Other,TRUE,High,3,esophagus|kidney|pancreatic
TTK,3,3,HESPERADIN; BAY-1161909; BAY1217389,inhibitor,DTC; ChEMBL,-0.0455768378023331,,0,Down,Other,TRUE,High,3,colorectal|esophagus|kidney
UHRF1,3,3,AFATINIB; GEFITINIB; ERLOTINIB,"",PharmGKB,0.00714260550223759,,0,Up,Other,TRUE,High,3,colorectal|esophagus|kidney
