"Cell_Type","Spearman_r","P_Value","cancer"
"Activated_CD8_T_cell",-0.107599123135906,0.00848016555547633,"colorectal"
"MDSC",-0.0336080826239393,0.411898694107317,"colorectal"
"Neutrophil",-0.00790853839832492,0.846919021679117,"colorectal"
"Central_memory_CD8_T_cell",0.00209648417407106,0.959186024207271,"colorectal"
"B_cell",0.00682563127472585,0.867672081546073,"colorectal"
"Mast_cell",0.0320630685378136,0.433733073414349,"colorectal"
"Type_1_T_helper_cell",0.0343316854511136,0.401900496359907,"colorectal"
"Activated_B_cell",0.0427976421265798,0.295993456179152,"colorectal"
"Activated_dendritic_cell",0.062908918717686,0.124347845564054,"colorectal"
"Central_memory_CD4_T_cell",0.0687601412066446,0.0929648666646449,"colorectal"
"Regulatory_T_cell",0.0751671826954607,0.066236133161296,"colorectal"
"Activated_CD4_T_cell",0.0795362960047893,0.0519148863718428,"colorectal"
"Type_17_T_helper_cell",0.106239905789662,0.00935142890365074,"colorectal"
"Type_2_T_helper_cell",0.110047532484899,0.00709178906260679,"colorectal"
"Monocyte",0.130066668258462,0.0014462826770626,"colorectal"
"Effector_memory_CD4_T_cell",0.132748628205881,0.00114848948400919,"colorectal"
"Plasmacytoid_dendritic_cell",0.139912885402327,0.000607733367108769,"colorectal"
"T_follicular_helper_cell",0.150387366001256,0.000226952350374909,"colorectal"
"Effector_memory_CD8_T_cell",0.159940999574676,8.72946073204893e-05,"colorectal"
"Macrophage",0.16331727032323,6.14661562739927e-05,"colorectal"
"Activated_B_cell",-0.160944693802855,0.0291676832924725,"esophagus"
"Mast_cell",-0.0984434898191135,0.183517917870995,"esophagus"
"CD56bright_natural_killer_cell",-0.0670821213230336,0.365253343063217,"esophagus"
"Natural_killer_cell",-0.0670821213230336,0.365253343063217,"esophagus"
"Memory_B_cell",-0.052979137369729,0.474719371497151,"esophagus"
"Immature_B_cell",-0.0509121380824873,0.492143230304669,"esophagus"
"B_cell",-0.021773805166535,0.769028508422241,"esophagus"
"Plasmacytoid_dendritic_cell",-0.00860318622257325,0.907646474557373,"esophagus"
"T_follicular_helper_cell",0.0341719481420123,0.644857731971556,"esophagus"
"Neutrophil",0.0940263142686521,0.204042916524341,"esophagus"
"Natural_killer_T_cell",0.116728631696558,0.114513197421795,"esophagus"
"Regulatory_T_cell",0.119741480611046,0.105407506810905,"esophagus"
"Central_memory_CD8_T_cell",0.120126755408295,0.104285466547193,"esophagus"
"Activated_dendritic_cell",0.124594016682399,0.0919526435789415,"esophagus"
"Effector_memory_CD8_T_cell",0.149829515902217,0.0424364101084097,"esophagus"
"Activated_CD4_T_cell",0.158910442873379,0.0312894894912409,"esophagus"
"Macrophage",0.161543796112577,0.0285667450204248,"esophagus"
"MDSC",0.172969120225,0.0189758090115884,"esophagus"
"Central_memory_CD4_T_cell",0.173273487314827,0.0187642180805629,"esophagus"
"Activated_CD8_T_cell",0.189273949644584,0.0101664438551417,"esophagus"
"CD56dim_natural_killer_cell",0.218811041975689,0.00289882299416545,"esophagus"
"Type_1_T_helper_cell",0.220255822465373,0.00271480609055327,"esophagus"
"Type_2_T_helper_cell",0.240937373581707,0.00101586038867403,"esophagus"
"Monocyte",0.244919188611277,0.000832663204489628,"esophagus"
"Effector_memory_CD4_T_cell",0.245920903084125,0.000791639469789638,"esophagus"
"Type_17_T_helper_cell",0.293589027373774,5.64399264010355e-05,"esophagus"
"Activated_B_cell",-0.0868865109048498,0.0129429968129059,"kidney"
"B_cell",-0.043714911625719,0.211630788113,"kidney"
"Activated_dendritic_cell",0.0758457480527909,0.0300997502497975,"kidney"
"Type_17_T_helper_cell",0.126051457049533,0.000304547214462364,"kidney"
"CD56bright_natural_killer_cell",0.128324132277411,0.000236063599954542,"kidney"
"Natural_killer_cell",0.128324132277411,0.000236063599954542,"kidney"
"Macrophage",0.195554899732327,1.83189362269039e-08,"kidney"
"Type_2_T_helper_cell",0.205033262767295,3.54042136257524e-09,"kidney"
"MDSC",0.208797961417271,1.80307427436526e-09,"kidney"
"Regulatory_T_cell",0.215859388576677,4.91643134097965e-10,"kidney"
"Neutrophil",0.232649354796994,1.86959183516909e-11,"kidney"
"Type_1_T_helper_cell",0.239850877023071,4.25139800989773e-12,"kidney"
"Plasmacytoid_dendritic_cell",0.259731397416829,5.53477008840906e-14,"kidney"
"Activated_CD4_T_cell",0.292430506790396,1.79684089354574e-17,"kidney"
"Central_memory_CD4_T_cell",0.296366520440522,6.22115490081917e-18,"kidney"
"Natural_killer_T_cell",0.315427035249991,2.01337912528208e-20,"kidney"
"Effector_memory_CD4_T_cell",0.315909891861627,1.69640401366585e-20,"kidney"
"Monocyte",0.332726452028089,0,"kidney"
"T_follicular_helper_cell",0.348449591027093,0,"kidney"
"Activated_CD8_T_cell",0.367094731637321,0,"kidney"
"Central_memory_CD8_T_cell",0.374537331383447,0,"kidney"
"Effector_memory_CD8_T_cell",0.389632739248035,0,"kidney"
"Plasmacytoid_dendritic_cell",-0.0747590832701994,0.153986974905865,"liver"
"Type_17_T_helper_cell",-0.0424852488629717,0.41818622814321,"liver"
"MDSC",-0.0388588505588281,0.459040362462003,"liver"
"Activated_CD8_T_cell",-0.0237977607391486,0.650284175498656,"liver"
"Macrophage",-0.0153192192940677,0.770420521015212,"liver"
"Central_memory_CD8_T_cell",-0.0103565197434499,0.843606902328151,"liver"
"Monocyte",0.0137186191307009,0.793836836630719,"liver"
"Effector_memory_CD8_T_cell",0.0399631807671332,0.446368728663179,"liver"
"Natural_killer_T_cell",0.0491566372096352,0.348857927198799,"liver"
"Type_2_T_helper_cell",0.0660280882378345,0.208101915923534,"liver"
"Effector_memory_CD4_T_cell",0.0723130227060162,0.167940900086947,"liver"
"Activated_CD4_T_cell",0.0787099942500796,0.133328896917149,"liver"
"Neutrophil",0.0867502584996409,0.097952541552956,"liver"
"T_follicular_helper_cell",0.0884621554057889,0.0914851789886156,"liver"
"Activated_dendritic_cell",0.0885337209388411,0.0912224478891681,"liver"
"Central_memory_CD4_T_cell",0.0987646308328994,0.0594496858063227,"liver"
"Activated_B_cell",0.130714939675191,0.0124854577497817,"liver"
"Type_1_T_helper_cell",0.179783970801263,0.000568799656180282,"liver"
"B_cell",0.253557423936943,1.00231948366102e-06,"liver"
"Natural_killer_cell",-0.533497948442721,0,"pancreatic"
"CD56bright_natural_killer_cell",-0.533415713024359,0,"pancreatic"
"Natural_killer_T_cell",-0.405556950191306,2.88120610445281e-08,"pancreatic"
"Type_17_T_helper_cell",-0.232159242395388,0.00192056267446963,"pancreatic"
"Activated_B_cell",-0.157582538390956,0.0362863867020702,"pancreatic"
"CD56dim_natural_killer_cell",-0.142602707709354,0.0583541188313218,"pancreatic"
"Central_memory_CD8_T_cell",-0.0930320631568013,0.217867603267042,"pancreatic"
"B_cell",-0.0705839580339676,0.350182980468447,"pancreatic"
"Mast_cell",-0.0614190370665328,0.416366591428962,"pancreatic"
"Plasmacytoid_dendritic_cell",-0.0573051020584824,0.448312576833654,"pancreatic"
"Central_memory_CD4_T_cell",-0.0243438479250705,0.747503621206469,"pancreatic"
"Effector_memory_CD8_T_cell",-0.0205220650612005,0.786098053376323,"pancreatic"
"Activated_dendritic_cell",-0.00955445715967521,0.899469684934444,"pancreatic"
"Activated_CD8_T_cell",-0.00723455272588771,0.923796336307305,"pancreatic"
"Effector_memory_CD4_T_cell",0.0117272034763941,0.876770492087568,"pancreatic"
"Macrophage",0.0371682450096086,0.622996047733716,"pancreatic"
"Activated_CD4_T_cell",0.070655373002545,0.349694787929604,"pancreatic"
"T_follicular_helper_cell",0.10859186994685,0.150101426566309,"pancreatic"
"Type_2_T_helper_cell",0.108736863973962,0.149555410750922,"pancreatic"
"MDSC",0.118683021415834,0.115579058062061,"pancreatic"
"Type_1_T_helper_cell",0.196897560637801,0.00871117244707093,"pancreatic"
"Monocyte",0.202273160090719,0.0070190060713987,"pancreatic"
"Neutrophil",0.226019719187687,0.00254016514569092,"pancreatic"
"Regulatory_T_cell",0.232399456380603,0.00189939502779577,"pancreatic"
