Symbol,n_cancers,n_up,n_down,mean_lfc,sd_lfc,cancers
PLPP4,4,1,3,-1.23696817144072,2.65344202661047,colorectal|esophagus|kidney|pancreatic
HILPDA,4,3,1,1.07252598651858,2.14057112211996,colorectal|esophagus|kidney|pancreatic
ECRG4,4,3,1,0.925720980026956,2.48795272998517,colorectal|esophagus|kidney|liver
INHBA,4,2,2,-0.908319923616144,3.31472036057712,colorectal|esophagus|kidney|pancreatic
ESM1,4,2,2,-0.89560862329169,3.60868537159981,colorectal|esophagus|kidney|pancreatic
MT1H,4,2,2,-0.884390718331756,4.18791256962072,colorectal|esophagus|kidney|pancreatic
MMP11,4,2,2,-0.755555931406987,3.62895012786437,colorectal|esophagus|kidney|pancreatic
ADAMTS12,4,2,2,-0.65389604401478,2.32570553821003,colorectal|esophagus|kidney|pancreatic
CKAP2L,4,2,2,0.589081140264167,2.12371534636766,colorectal|esophagus|kidney|pancreatic
TREM1,4,2,2,-0.449330175845131,2.52567101430092,colorectal|esophagus|kidney|pancreatic
OSM,4,2,2,-0.442705238327001,2.48991783406956,colorectal|esophagus|kidney|pancreatic
SLC4A4,4,2,2,0.394636165236128,2.54203389810952,colorectal|esophagus|kidney|pancreatic
COL1A1,4,2,2,-0.24132960603813,2.6596035688138,colorectal|esophagus|kidney|pancreatic
KIF14,4,2,2,0.22416154494495,1.95187620418667,colorectal|esophagus|kidney|pancreatic
COL1A2,4,2,2,-0.213468700311154,2.09983754509412,colorectal|esophagus|kidney|pancreatic
E2F7,4,2,2,0.207341829462841,1.9727871792369,colorectal|esophagus|kidney|pancreatic
OLFML2B,4,2,2,0.199972234028686,2.26113749974967,colorectal|esophagus|kidney|pancreatic
ZNF469,4,2,2,-0.165638932350169,1.82789022150531,colorectal|esophagus|kidney|pancreatic
ANOS1,4,2,2,0.125080756922589,1.92635999680027,colorectal|esophagus|kidney|pancreatic
LRRC15,4,2,2,0.122935026729751,3.34181866383472,colorectal|esophagus|kidney|pancreatic
FKBP10,4,2,2,-0.120878484457319,2.07089390902749,colorectal|esophagus|kidney|pancreatic
TBX15,4,2,2,0.119281831175414,3.220991492033,colorectal|esophagus|kidney|pancreatic
PLEKHN1,4,2,2,0.102129217978657,1.79891713037659,colorectal|esophagus|kidney|liver
APLN,4,2,2,-0.0945249246579725,2.53722952235498,colorectal|esophagus|kidney|pancreatic
SERPINH1,4,2,2,-0.0901274612999655,1.51418957332905,colorectal|esophagus|kidney|pancreatic
MMP9,4,2,2,0.0813498091871258,2.52022846315429,colorectal|esophagus|kidney|pancreatic
PKHD1L1,4,2,2,-0.0788634545647909,2.24343338339832,colorectal|esophagus|kidney|pancreatic
SPARC,4,2,2,-0.0748041366296751,1.61774729580234,colorectal|esophagus|kidney|pancreatic
COL5A2,4,2,2,-0.0707454501740771,1.97941306841385,colorectal|esophagus|kidney|pancreatic
COL19A1,4,2,2,0.063070572552057,2.24000437472925,colorectal|esophagus|kidney|pancreatic
TGFBI,4,2,2,0.0548601057777803,2.45679803675731,colorectal|esophagus|kidney|pancreatic
TIMP1,4,2,2,0.0544448660713101,1.72522362896861,colorectal|esophagus|kidney|pancreatic
FSCN1,4,2,2,-0.0543563579648721,1.53342037020226,colorectal|esophagus|kidney|pancreatic
TUBB3,4,2,2,-0.0484397028973494,1.93487776306377,colorectal|esophagus|kidney|pancreatic
TMEM132A,4,2,2,0.0438988254529984,1.83041045774438,colorectal|esophagus|kidney|pancreatic
SPOCD1,4,2,2,0.00897863206794031,2.26632794300116,colorectal|esophagus|kidney|pancreatic
POGLUT2,4,2,2,-0.00361680931574093,1.27997303283903,colorectal|esophagus|kidney|pancreatic
DPEP1,3,0,3,-3.5587081174767,1.45762629914471,colorectal|kidney|pancreatic
COL11A1,3,1,2,-3.01925642764097,4.17831072084171,colorectal|esophagus|kidney
MMP10,3,1,2,-2.8161269509593,4.86733115427946,colorectal|esophagus|pancreatic
MMP3,3,1,2,-2.80362359182596,3.93328390488683,colorectal|esophagus|pancreatic
SLC30A2,3,0,3,-2.74812670934457,0.864282335560841,colorectal|kidney|pancreatic
GRIK3,3,3,0,2.63121104129417,0.914592256250604,colorectal|esophagus|kidney
STRA6,3,0,3,-2.62748280190171,0.586530325641694,colorectal|esophagus|kidney
CDH3,3,0,3,-2.53814285259613,1.44389303535743,colorectal|esophagus|kidney
SLITRK3,3,3,0,2.52043501613484,0.365048358149514,colorectal|esophagus|liver
GPR15LG,3,3,0,2.45033280916446,1.8207264101844,colorectal|esophagus|kidney
CADM2,3,3,0,2.42855669105399,0.773477210822468,colorectal|esophagus|liver
AZGP1,3,0,3,-2.41140918789065,0.789492031404818,colorectal|kidney|pancreatic
HOXB8,3,0,3,-2.35452716717795,1.34994123438981,colorectal|esophagus|kidney
SHISA2,3,0,3,-2.29470751088443,0.468022121462196,colorectal|esophagus|kidney
PADI1,3,2,1,2.27943591506614,2.97683480914052,colorectal|esophagus|kidney
CSTA,3,3,0,2.17879276667783,0.462229167239555,esophagus|kidney|pancreatic
WDR72,3,0,3,-2.17167952070731,0.771305328813722,colorectal|esophagus|kidney
NOX4,3,0,3,-2.12370927692108,0.467794797680072,colorectal|esophagus|kidney
CADM3,3,3,0,2.06628668924788,0.745190555061527,colorectal|esophagus|kidney
MMP13,3,1,2,-2.00761685848137,4.42666163576332,colorectal|esophagus|pancreatic
ERVMER34-1,3,0,3,-1.96417917456728,1.15242749426204,colorectal|esophagus|kidney
CST2,3,1,2,-1.95883319346247,4.65677283957582,colorectal|esophagus|pancreatic
MME,3,0,3,-1.91825376013483,0.761520394420892,colorectal|esophagus|kidney
CLDN14,3,0,3,-1.91605464926534,0.641823501700067,colorectal|esophagus|kidney
DHRS9,3,3,0,1.90928647655063,0.433464253872875,colorectal|esophagus|kidney
PRAME,3,1,2,-1.86395840260327,3.65847722978776,colorectal|esophagus|kidney
EPB41L4B,3,0,3,-1.85276579366768,0.910497219835308,esophagus|kidney|pancreatic
TNS4,3,0,3,-1.82926107837393,0.697319151391407,colorectal|esophagus|kidney
PSAT1,3,0,3,-1.81362161281477,0.571140671613625,colorectal|kidney|pancreatic
CYP27B1,3,0,3,-1.8111428464517,0.838358658227929,colorectal|esophagus|kidney
BARX2,3,3,0,1.76749164558423,0.72778822618147,colorectal|esophagus|kidney
CDKN2B,3,3,0,1.75817072827777,0.32304806319418,colorectal|esophagus|kidney
FREM2,3,0,3,-1.74134356353625,0.643487007139082,colorectal|esophagus|kidney
CALB2,3,3,0,1.72182420315098,0.357813150195405,colorectal|esophagus|pancreatic
RERGL,3,2,1,1.71447717840668,3.99942487503392,colorectal|esophagus|kidney
PRSS22,3,1,2,-1.71092572236955,2.63968705987682,colorectal|esophagus|kidney
IL13RA2,3,0,3,-1.68262127213487,0.558775350834712,colorectal|esophagus|kidney
GRIN2A,3,3,0,1.65172302836299,0.748268365287664,colorectal|esophagus|kidney
SLC5A12,3,1,2,-1.63292953427819,2.48623387663894,colorectal|esophagus|kidney
MAL,3,2,1,1.62556163805513,4.16494678581702,colorectal|esophagus|kidney
VIP,3,3,0,1.6104584597282,0.625683699062544,colorectal|esophagus|liver
GGTA1,3,3,0,1.59748896381906,0.353785174066064,colorectal|esophagus|kidney
VSIG2,3,2,1,1.57292616870301,2.28148761916372,colorectal|esophagus|kidney
SELE,3,0,3,-1.5727138080257,0.293798854392047,colorectal|esophagus|kidney
PLP1,3,2,1,1.56970789404821,3.19134446950916,colorectal|esophagus|kidney
TACSTD2,3,1,2,-1.5521836820734,2.42520933145394,colorectal|esophagus|kidney
MS4A2,3,3,0,1.50907975612699,0.148555062097501,colorectal|kidney|liver
GRIN2D,3,1,2,-1.50893646406689,2.67981275709233,colorectal|esophagus|kidney
SIM2,3,1,2,-1.48995504979528,3.24796930197111,colorectal|esophagus|kidney
SFRP2,3,3,0,1.48344755289917,0.114784614625985,colorectal|kidney|pancreatic
LILRA4,3,3,0,1.44064776274034,0.55079763915717,colorectal|kidney|pancreatic
AQP9,3,1,2,-1.41566703369318,2.31392481660665,colorectal|esophagus|kidney
RAB3B,3,1,2,-1.40658686741355,2.34284120416424,colorectal|esophagus|kidney
EDIL3,3,3,0,1.35677499187865,0.191175902339476,colorectal|kidney|pancreatic
FBXO2,3,0,3,-1.35543305396842,0.229888865795335,colorectal|kidney|pancreatic
LIPG,3,0,3,-1.3231686059918,0.471326068114146,colorectal|esophagus|kidney
GNA15,3,3,0,1.32313396745783,0.227298318067503,esophagus|kidney|pancreatic
KCNK10,3,1,2,-1.3219762411885,2.25169544140924,colorectal|kidney|pancreatic
KRT7,3,1,2,-1.31687525602614,2.21102818332419,colorectal|esophagus|kidney
FAM89A,3,0,3,-1.29139648268044,0.172177847976904,colorectal|esophagus|kidney
ATP1A2,3,2,1,1.27306169494649,2.40390066533854,colorectal|esophagus|kidney
MS4A4E,3,3,0,1.24350918592903,0.225477336372176,colorectal|esophagus|kidney
C6,3,2,1,1.24038405929141,2.09565393203867,colorectal|esophagus|pancreatic
CTHRC1,3,1,2,-1.22578279832739,3.48843140264823,colorectal|esophagus|kidney
KIAA0408,3,3,0,1.21680365846342,0.1140730892567,colorectal|esophagus|kidney
HTR1D,3,1,2,-1.21320418373868,2.58236340075838,colorectal|esophagus|kidney
G0S2,3,0,3,-1.21174855140389,0.039814225797324,colorectal|esophagus|kidney
ASPA,3,2,1,1.20608114843426,1.98686823100583,colorectal|esophagus|kidney
TLR3,3,3,0,1.2058973871988,0.0272909881792561,colorectal|esophagus|kidney
PTGS1,3,3,0,1.18938706252536,0.113806409538883,colorectal|esophagus|pancreatic
GLYATL1,3,1,2,-1.18117301577526,1.96017704046555,colorectal|esophagus|kidney
ABAT,3,1,2,-1.14479196023165,2.07270721031894,esophagus|kidney|pancreatic
IGFL4,3,1,2,-1.13876995839224,2.41058976145119,colorectal|esophagus|kidney
MCEMP1,3,1,2,-1.11394667956821,3.38038828779026,colorectal|esophagus|pancreatic
ACAN,3,1,2,-1.10192333621238,2.53880071602562,colorectal|esophagus|kidney
XPNPEP2,3,2,1,-1.0991290234157,3.85930293269566,colorectal|esophagus|kidney
ADAM12,3,1,2,-1.09228815806004,2.1643021924772,colorectal|esophagus|kidney
MYEOV,3,2,1,1.08978997545031,3.01283093464963,colorectal|esophagus|kidney
KIF26B,3,1,2,-1.06708047093494,2.34438869489062,colorectal|esophagus|pancreatic
PI16,3,2,1,1.06070147429155,3.15288488508834,colorectal|esophagus|kidney
MUC15,3,1,2,-1.05179133256756,3.76534361839816,esophagus|kidney|pancreatic
KRT222,3,2,1,1.04849778848931,2.13230877813345,colorectal|esophagus|kidney
FAP,3,1,2,-1.04341558006126,2.88857024839739,colorectal|esophagus|kidney
STC2,3,1,2,-1.01674825077954,3.39134436902246,colorectal|esophagus|kidney
HMGCLL1,3,2,1,1.01089089577564,2.10386581043857,colorectal|esophagus|kidney
TDO2,3,1,2,-1.00845241291119,1.90171060907782,colorectal|esophagus|kidney
CHP2,3,1,2,-1.00463191904961,3.67372689283578,colorectal|esophagus|kidney
CLEC3B,3,2,1,1.0035991385975,2.03629081809924,colorectal|esophagus|kidney
IGFBP3,3,2,1,0.997749896099488,2.43355534965029,esophagus|kidney|pancreatic
ABCA8,3,2,1,0.978542448126576,2.49862803720293,colorectal|esophagus|kidney
EMX1,3,1,2,-0.964650435078394,1.94226817218335,colorectal|esophagus|kidney
UNC93A,3,1,2,-0.963449939030101,2.63208500892619,colorectal|esophagus|kidney
RFX8,3,1,2,-0.959227320089582,2.14169934034005,colorectal|esophagus|kidney
C16orf89,3,2,1,0.953723140702281,2.6512675622984,colorectal|esophagus|kidney
ADAMTS2,3,1,2,-0.950897336664947,2.14984189730108,colorectal|esophagus|pancreatic
PITX1,3,2,1,0.948395085178313,1.71073321030881,colorectal|esophagus|kidney
SAA1,3,2,1,0.943625544702906,1.98054508967461,colorectal|kidney|liver
CILP2,3,2,1,0.938709744158566,2.5643181683332,esophagus|kidney|pancreatic
ASPG,3,2,1,0.923209961488077,1.70521786374652,colorectal|esophagus|kidney
GRPR,3,1,2,-0.919590059322133,2.33197038346605,colorectal|kidney|pancreatic
ZBTB16,3,2,1,0.9178672156589,1.72921970479969,colorectal|esophagus|pancreatic
LYPD3,3,2,1,0.915267062321353,1.71237146732835,colorectal|esophagus|pancreatic
SERPINE1,3,1,2,-0.911286446884938,2.02389726975494,colorectal|esophagus|kidney
UCHL1,3,1,2,-0.91016882248293,1.8604092635106,colorectal|esophagus|kidney
ZNF676,3,2,1,0.907648153927011,2.27346596065694,colorectal|esophagus|kidney
BGN,3,1,2,-0.90346946242372,2.32079799082872,colorectal|esophagus|pancreatic
ADAMDEC1,3,2,1,0.900260446531605,2.52606452438539,colorectal|esophagus|kidney
NEU4,3,1,2,-0.895307668603805,2.26508243206833,colorectal|esophagus|kidney
EPOP,3,1,2,-0.892645747277209,1.77438873293716,colorectal|esophagus|kidney
SCIN,3,2,1,0.884573362085453,2.12919033183227,colorectal|esophagus|kidney
CWH43,3,2,1,0.87918763140694,4.31572881114437,colorectal|esophagus|kidney
THY1,3,1,2,-0.875274031656285,2.01087699577166,colorectal|esophagus|pancreatic
ZNF695,3,1,2,-0.872154878418891,1.6529637920934,colorectal|esophagus|kidney
GDPD3,3,2,1,0.863300060860296,1.77099638736847,colorectal|esophagus|kidney
COL12A1,3,1,2,-0.851865298868254,1.99009471378851,colorectal|esophagus|pancreatic
P4HA3,3,1,2,-0.849820237881725,2.26421037649073,colorectal|esophagus|kidney
FCGR3B,3,1,2,-0.837395912809679,2.08609319500392,colorectal|esophagus|kidney
NEXMIF,3,2,1,0.837351838159581,2.33040755253775,colorectal|esophagus|kidney
FAM3B,3,1,2,-0.83537671239896,3.43554612434125,esophagus|kidney|pancreatic
DPT,3,2,1,0.834994236901918,2.38667995212832,colorectal|esophagus|kidney
NNMT,3,2,1,0.834098393140063,2.23844592154387,esophagus|kidney|pancreatic
CCL20,3,2,1,0.827201415498555,1.70487705733941,colorectal|kidney|pancreatic
MT1M,3,2,1,0.823968569082521,2.76471303796248,colorectal|esophagus|kidney
ANKRD20A1,3,2,1,0.813419075809852,1.69507167927392,colorectal|esophagus|pancreatic
LUM,3,1,2,-0.811194157541154,1.949539486688,esophagus|kidney|pancreatic
MSX2,3,1,2,-0.81094622063206,3.11479157215984,colorectal|esophagus|pancreatic
HPGD,3,2,1,0.810385715946382,2.83671961616137,colorectal|esophagus|kidney
LRRC2,3,1,2,-0.801569443329939,1.96041143139052,colorectal|esophagus|kidney
GREM2,3,2,1,0.79993341164418,2.69925916329704,colorectal|esophagus|kidney
NCCRP1,3,2,1,0.792589574052113,2.77173131435688,colorectal|esophagus|kidney
LONRF2,3,2,1,0.779918485195384,1.87320561003468,colorectal|esophagus|kidney
NAT8B,3,1,2,-0.771249702809839,1.99731880362667,colorectal|kidney|pancreatic
CCL14,3,2,1,0.766439052205913,1.63232960511055,colorectal|esophagus|kidney
LCN10,3,2,1,0.764669017983316,2.12557221315265,colorectal|esophagus|kidney
TRIP13,3,1,2,-0.764290440213052,1.71234197851429,colorectal|esophagus|kidney
MYZAP,3,2,1,0.758541666891689,2.61867619704947,colorectal|esophagus|kidney
PGF,3,2,1,0.757167965318793,2.17572854929424,esophagus|kidney|pancreatic
SLC11A1,3,1,2,-0.750081900731735,2.01187160603827,colorectal|esophagus|kidney
RUNX1,3,2,1,0.748357707361624,1.60162241783108,esophagus|kidney|pancreatic
PTP4A3,3,1,2,-0.722870103417388,1.59901571311715,colorectal|esophagus|kidney
CCN4,3,1,2,-0.722106138451533,2.23455284644099,colorectal|esophagus|pancreatic
CSMD2,3,1,2,-0.722018631274218,1.73617140139927,colorectal|esophagus|kidney
ADH1B,3,2,1,0.716610351884663,3.58514341514089,colorectal|esophagus|kidney
PRR15L,3,1,2,-0.716287100120983,2.16751438179461,esophagus|kidney|pancreatic
CD300LF,3,2,1,0.71455239680617,1.77518304816653,esophagus|kidney|pancreatic
FN1,3,2,1,0.713039982957116,2.36501515940954,esophagus|kidney|pancreatic
CNTFR,3,2,1,0.709840190654886,2.66911737848425,colorectal|esophagus|kidney
NTRK3,3,2,1,0.702240267923942,2.23234839237419,colorectal|esophagus|kidney
ECT2,3,1,2,-0.698550668350226,1.51710468959771,colorectal|esophagus|kidney
IQCN,3,2,1,0.69585881069385,1.69940541566058,colorectal|esophagus|kidney
SNAI1,3,1,2,-0.694099040330314,1.65040250015347,colorectal|esophagus|pancreatic
PGM5,3,2,1,0.693939646981953,1.68097679466754,colorectal|esophagus|kidney
FAM107A,3,2,1,0.692977628764075,2.27185497285481,colorectal|esophagus|kidney
SULT1B1,3,2,1,0.691851439108939,1.56026756440306,colorectal|esophagus|kidney
FRRS1L,3,2,1,0.682715761751474,1.66674818586797,colorectal|esophagus|kidney
PLCXD3,3,2,1,0.682462395778252,2.97957182678834,colorectal|esophagus|kidney
PMEPA1,3,1,2,-0.68121670563545,1.57600377478824,colorectal|esophagus|kidney
COL8A1,3,1,2,-0.679317065147091,1.88903269108847,colorectal|esophagus|kidney
OASL,3,2,1,0.669425889338044,1.58587902282193,esophagus|kidney|pancreatic
SULF1,3,1,2,-0.665920484467502,2.3350058817673,colorectal|esophagus|pancreatic
CELSR3,3,1,2,-0.665747000890495,1.48595151503818,colorectal|esophagus|kidney
FNDC1,3,1,2,-0.663382220450478,2.42463270262688,colorectal|esophagus|pancreatic
CEACAM1,3,2,1,0.660627395542963,1.91120931057635,colorectal|esophagus|kidney
COL4A1,3,1,2,-0.65937313921611,1.76835003375619,colorectal|esophagus|kidney
CYP4F12,3,2,1,0.656944088308165,1.79071243644634,colorectal|esophagus|kidney
HPSE2,3,2,1,0.654056899821903,2.16126027647659,colorectal|esophagus|kidney
CXCL11,3,1,2,-0.65318664977981,2.80367925136444,colorectal|esophagus|kidney
SEC14L5,3,2,1,0.648060582347404,1.87328809129788,colorectal|esophagus|kidney
DUOX2,3,1,2,-0.646199496454928,1.47926360249264,colorectal|esophagus|kidney
EYA2,3,2,1,0.645747293370436,1.60473289261818,colorectal|esophagus|kidney
CHAD,3,1,2,-0.644876368813501,2.24453762645193,colorectal|kidney|pancreatic
NPY1R,3,2,1,0.642234166016418,1.90462333375766,colorectal|esophagus|kidney
THBS2,3,1,2,-0.638267933312535,2.3712543139571,colorectal|esophagus|pancreatic
SMTNL2,3,1,2,-0.637053837556034,1.71972836869408,colorectal|esophagus|kidney
STRIP2,3,1,2,-0.628061826682681,1.7648204762193,colorectal|esophagus|pancreatic
AURKA,3,1,2,-0.627417318028437,1.49165768139796,colorectal|esophagus|kidney
TYRO3,3,1,2,-0.62352523739623,1.48633479772941,colorectal|esophagus|kidney
ZNF662,3,2,1,0.621549280356423,1.46152849216974,colorectal|esophagus|kidney
NTM,3,2,1,0.620234937578754,1.54368035196647,esophagus|kidney|pancreatic
TTYH3,3,1,2,-0.618797006204626,1.46966018036595,colorectal|esophagus|pancreatic
ADGRV1,3,1,2,-0.614636634788709,1.91590287444356,colorectal|esophagus|kidney
PDZK1,3,1,2,-0.612654433605183,1.60057439692758,colorectal|kidney|pancreatic
PTN,3,2,1,0.612440591128656,1.49096045593984,colorectal|esophagus|kidney
CREG2,3,1,2,-0.609500551069117,2.3609754540439,colorectal|esophagus|kidney
STUM,3,2,1,0.608898023530192,1.75743461969059,colorectal|esophagus|kidney
DSCC1,3,1,2,-0.598741638146385,1.47109322027514,colorectal|esophagus|kidney
CHST11,3,2,1,0.598090868691687,1.48470657517357,esophagus|kidney|pancreatic
CD80,3,2,1,0.597733167078979,2.09392198576816,esophagus|kidney|pancreatic
FPR1,3,1,2,-0.595809753510969,1.75231504357543,colorectal|esophagus|kidney
SCN7A,3,2,1,0.589003055907451,3.31605311001044,colorectal|esophagus|kidney
TEDC2,3,1,2,-0.583168108719462,1.53165112828325,colorectal|esophagus|kidney
SYT12,3,1,2,-0.577745234640329,1.83112468729463,colorectal|esophagus|kidney
FOXS1,3,1,2,-0.568726589168367,1.36863642731801,colorectal|esophagus|kidney
GCNT4,3,2,1,0.567755976806918,1.67576600473746,colorectal|esophagus|kidney
CAPN5,3,2,1,0.567362395608372,1.81354321567207,colorectal|esophagus|kidney
GALNT16,3,2,1,0.567342397109353,1.44545335222349,colorectal|esophagus|kidney
SCD,3,2,1,0.565289923855548,2.11345874281437,colorectal|kidney|pancreatic
HOXD8,3,1,2,-0.564906599753185,1.38772603830921,esophagus|kidney|pancreatic
CYP3A4,3,2,1,0.562497703526704,2.16466829418828,colorectal|esophagus|kidney
MT1X,3,1,2,-0.557067711279499,1.96779288551523,colorectal|kidney|pancreatic
FCER1G,3,2,1,0.556115086481289,1.71836613816894,esophagus|kidney|pancreatic
PRELP,3,2,1,0.555086955373537,1.75072804819944,colorectal|kidney|pancreatic
MCM2,3,1,2,-0.554230245862321,1.59669150942188,colorectal|esophagus|kidney
CLEC5A,3,1,2,-0.553725519442445,2.35811871010346,colorectal|esophagus|kidney
ANGPTL1,3,2,1,0.553562259874148,2.391306604943,colorectal|esophagus|kidney
PBLD,3,1,2,-0.553247705386262,1.66058803054394,colorectal|kidney|pancreatic
NDRG2,3,2,1,0.55285009889536,1.46216923702079,colorectal|esophagus|kidney
PDCD4,3,2,1,0.552684515072036,1.49713349744353,colorectal|esophagus|pancreatic
ORC6,3,1,2,-0.552363442867,1.5865928732715,colorectal|esophagus|kidney
NTRK2,3,1,2,-0.548214519970258,1.9114485902738,colorectal|esophagus|kidney
GPR85,3,2,1,0.545540543677707,1.48032983474151,esophagus|kidney|pancreatic
IGF2BP3,3,1,2,-0.540340777738813,2.41800391842213,colorectal|esophagus|kidney
ADH1A,3,2,1,0.53227275815046,2.15387226437586,colorectal|esophagus|kidney
KLB,3,2,1,0.531772898066341,1.61130852050991,colorectal|esophagus|kidney
FXYD5,3,2,1,0.529791368423101,1.62302710846048,colorectal|kidney|pancreatic
NR3C2,3,2,1,0.528837855039525,1.80448390864441,colorectal|esophagus|kidney
NEBL,3,1,2,-0.525291007569754,1.61178149302809,colorectal|esophagus|kidney
RIC3,3,2,1,0.521285876508069,1.55657524478132,colorectal|esophagus|kidney
HLF,3,2,1,0.520700363711917,1.45381889474205,colorectal|esophagus|kidney
CCL3L3,3,1,2,-0.520168050448171,1.55736545132602,colorectal|esophagus|kidney
ABCA10,3,2,1,0.515490906318171,1.60317516841094,colorectal|esophagus|kidney
LZTS1,3,2,1,0.512627095167317,1.67922703850995,colorectal|kidney|pancreatic
XRCC2,3,1,2,-0.511871344873322,1.80740131967351,colorectal|esophagus|kidney
AQP7,3,2,1,0.510798406558012,2.4063779505465,colorectal|esophagus|kidney
HOXB5,3,1,2,-0.510307452291314,1.85917546287615,esophagus|kidney|pancreatic
TMEM238L,3,2,1,0.50842283827084,2.85719368645509,colorectal|esophagus|kidney
HSPB6,3,2,1,0.504801821172763,2.21862432175333,colorectal|esophagus|kidney
ADAMTS7,3,2,1,0.504009363370015,1.49281574399634,esophagus|kidney|pancreatic
TWIST1,3,1,2,-0.493771070954475,1.83298343155695,colorectal|esophagus|pancreatic
ACVR1C,3,1,2,-0.492405594318804,1.38664546908901,colorectal|esophagus|kidney
MUSTN1,3,2,1,0.492354010785963,1.45611731819899,colorectal|esophagus|kidney
C2,3,1,2,-0.492186644920996,1.48020158436285,colorectal|esophagus|kidney
CYP2C18,3,2,1,0.488116968119027,1.90129409660104,colorectal|esophagus|kidney
SCNN1B,3,2,1,0.487409940128225,4.83047398814912,colorectal|esophagus|kidney
UBE2T,3,1,2,-0.483967277575827,1.50868413299034,colorectal|esophagus|kidney
TMEM35A,3,2,1,0.483037081730149,1.64455049563685,colorectal|esophagus|kidney
GPX3,3,2,1,0.48294030001397,2.40062116499099,colorectal|esophagus|kidney
PLIN4,3,2,1,0.482528941080689,2.01004248120691,colorectal|esophagus|kidney
CCL15-CCL14,3,2,1,0.481154514611449,1.35892161477818,colorectal|esophagus|kidney
ENTPD8,3,1,2,-0.478878010402686,1.89441849984834,colorectal|kidney|pancreatic
TENM2,3,1,2,-0.47804422843161,1.37627132125185,colorectal|esophagus|kidney
ISG15,3,2,1,0.47603207351733,1.5149602476699,esophagus|kidney|pancreatic
C21orf62,3,1,2,-0.475509007164798,1.49436533716381,esophagus|kidney|pancreatic
USP2,3,2,1,0.475021518739468,2.67012640241406,colorectal|esophagus|kidney
KPNA2,3,1,2,-0.474454593664313,1.313429415712,colorectal|esophagus|pancreatic
PLAAT5,3,2,1,0.468259969464186,1.73827129101912,colorectal|esophagus|kidney
C7,3,2,1,0.466439183044221,3.45922795278475,colorectal|esophagus|kidney
FOXM1,3,1,2,-0.464512366841182,1.61505313982682,colorectal|esophagus|kidney
ARG1,3,2,1,0.463280331388707,1.93923404372196,colorectal|esophagus|pancreatic
PERM1,3,2,1,0.461671910811988,1.48139573752415,colorectal|esophagus|kidney
RGS16,3,1,2,-0.460817513733998,1.78372511483513,colorectal|esophagus|pancreatic
RPS6KA6,3,2,1,0.460253343011354,2.03366917067506,colorectal|esophagus|kidney
CLEC4E,3,1,2,-0.45918614413546,1.49894476115548,colorectal|esophagus|kidney
TMEM132C,3,2,1,0.458786593946207,3.13395326794845,colorectal|esophagus|kidney
TRPV6,3,2,1,-0.452160508136261,2.8194842821356,colorectal|esophagus|kidney
GGT6,3,2,1,-0.450282139409078,3.66527086458578,colorectal|esophagus|kidney
CIP2A,3,1,2,-0.447785088811744,1.31317043496034,colorectal|esophagus|kidney
CKS2,3,1,2,-0.444137342455759,1.55099681257754,colorectal|esophagus|pancreatic
LSAMP,3,1,2,-0.442778527061278,1.5230731822125,esophagus|kidney|pancreatic
SMIM5,3,2,1,0.438997977754594,2.67393580328316,colorectal|esophagus|kidney
PLK1,3,1,2,-0.437478983588067,1.45810105441238,colorectal|esophagus|kidney
HMGCS2,3,2,1,0.433132360086595,3.07804599178774,colorectal|esophagus|kidney
BSPRY,3,1,2,-0.432012592410626,1.8730310719958,esophagus|kidney|pancreatic
C1QTNF6,3,2,1,0.4235513383425,1.33838116010537,esophagus|kidney|pancreatic
SORCS1,3,2,1,0.423403615372252,3.29878663869361,colorectal|esophagus|kidney
ANXA3,3,1,2,-0.423103489786038,1.52674548775315,colorectal|esophagus|kidney
SELENBP1,3,2,1,0.422582326138888,1.77299560197787,colorectal|esophagus|kidney
MET,3,1,2,-0.417543107981911,1.60805071059695,colorectal|esophagus|kidney
CCNB1,3,1,2,-0.416545647069521,1.33318099930974,colorectal|esophagus|kidney
NRG1,3,1,2,-0.415474278737249,1.38075225833972,colorectal|esophagus|kidney
PCDH17,3,1,2,-0.415282838854112,1.61122632730087,colorectal|esophagus|kidney
HIF3A,3,2,1,0.414607886040511,1.90954369775532,colorectal|esophagus|kidney
RELN,3,2,1,0.413435439248685,1.59810061363429,colorectal|esophagus|kidney
DES,3,2,1,0.41004616319492,2.29869040547252,colorectal|esophagus|kidney
LDHD,3,2,1,0.407990856722888,2.36843637505357,colorectal|esophagus|kidney
ODAM,3,2,1,0.407803234152187,2.11523505952248,colorectal|esophagus|pancreatic
DUSP26,3,2,1,0.406043835011928,2.48051131094845,colorectal|esophagus|kidney
NT5DC4,3,1,2,-0.405495815219981,1.56837382769979,colorectal|esophagus|kidney
CFAP20DC,3,2,1,0.404810395216589,1.56220854453736,colorectal|esophagus|kidney
TMEM125,3,1,2,-0.400382849514251,1.32011291041542,esophagus|kidney|pancreatic
ELFN1,3,1,2,-0.39365978277577,1.35141806099113,colorectal|esophagus|pancreatic
DDIAS,3,1,2,-0.393051970200749,1.54890136943613,colorectal|esophagus|kidney
ADAMTS18,3,1,2,-0.389534073365972,1.6169311003829,colorectal|esophagus|pancreatic
WDR62,3,1,2,-0.385959458401498,1.48768610253941,colorectal|esophagus|kidney
BCL2A1,3,1,2,-0.383276708210999,1.74273457188963,colorectal|esophagus|kidney
MT1A,3,2,1,0.381598147937711,1.84654737556377,colorectal|esophagus|kidney
CDK1,3,1,2,-0.381338854238359,1.58711136456873,colorectal|esophagus|kidney
KIF2C,3,1,2,-0.38087593983128,1.96406070362267,colorectal|esophagus|kidney
MAD2L1,3,1,2,-0.378602141847004,1.5429759563824,colorectal|esophagus|kidney
FCGR3A,3,1,2,-0.378444059889372,3.03543725861221,colorectal|esophagus|kidney
ATAD2,3,1,2,-0.369893832149144,1.45257670654055,colorectal|esophagus|kidney
PDZRN4,3,2,1,0.368777383058186,2.37785666127526,colorectal|esophagus|kidney
PAQR5,3,2,1,0.368468647930549,1.65633887888499,colorectal|esophagus|kidney
CXCL10,3,1,2,-0.367207465330232,2.45236205093826,colorectal|esophagus|kidney
C1QTNF7,3,2,1,0.366386445073237,1.96771758235309,colorectal|esophagus|kidney
PKNOX2,3,2,1,0.364918976492889,2.00832558132511,colorectal|esophagus|kidney
CDCA5,3,1,2,-0.362889087735232,2.08280637377717,colorectal|esophagus|kidney
ITGA11,3,1,2,-0.36146124744964,1.76406869920303,colorectal|esophagus|pancreatic
RAD51AP1,3,1,2,-0.360717549672755,1.7983421482308,colorectal|esophagus|kidney
SLC17A9,3,1,2,-0.355051739586289,1.50869860015897,colorectal|esophagus|kidney
KHDRBS2,3,1,2,-0.353140895812749,3.23290199569863,colorectal|kidney|pancreatic
IFI6,3,1,2,-0.352298208419264,1.96844756745992,colorectal|esophagus|pancreatic
ADAMTS6,3,1,2,-0.347110006944034,1.66980834111068,colorectal|esophagus|pancreatic
MT1G,3,2,1,-0.345904088623391,4.34693475691892,colorectal|esophagus|kidney
GPT,3,1,2,-0.342750632319971,2.069819029937,colorectal|kidney|pancreatic
HMMR,3,1,2,-0.342530713566031,1.43846460848272,colorectal|esophagus|kidney
SEMA3D,3,1,2,-0.341409800450253,1.87330167137686,colorectal|esophagus|kidney
GPT2,3,1,2,-0.340646031165095,1.65553114142093,colorectal|esophagus|kidney
PYCR1,3,1,2,-0.334812569653651,1.69663173285891,colorectal|esophagus|kidney
CDKN3,3,1,2,-0.332378201181791,1.64329134029731,colorectal|esophagus|kidney
NXPH4,3,1,2,-0.329214884049446,3.53086365213937,colorectal|esophagus|kidney
TMEM74,3,2,1,0.325900155314304,1.76780071963541,colorectal|esophagus|kidney
SUGCT,3,1,2,-0.321928757167908,1.63067861464671,colorectal|esophagus|kidney
GDF7,3,2,1,0.319350147173936,1.8443320561612,colorectal|esophagus|kidney
GZMB,3,1,2,-0.317009256344627,1.9472398562769,colorectal|esophagus|kidney
KIF18A,3,1,2,-0.313894707771184,1.89296650585717,colorectal|esophagus|kidney
CNGA1,3,2,1,0.308861014156889,2.09898060421983,colorectal|esophagus|kidney
MYBL2,3,1,2,-0.30676151570383,2.9155451575597,colorectal|esophagus|kidney
LOXL2,3,1,2,-0.306249549613698,2.31634170748546,colorectal|esophagus|kidney
PCDHB9,3,1,2,-0.305732431504451,1.59480448537889,colorectal|esophagus|kidney
CCL4L2,3,1,2,-0.301446668234426,1.61431127539415,colorectal|esophagus|kidney
CDC6,3,1,2,-0.298369505202689,2.20953013701677,colorectal|esophagus|kidney
CHODL,3,1,2,-0.293461042933648,1.52605184580531,colorectal|esophagus|kidney
GTSE1,3,1,2,-0.282300608788862,1.63682810055895,colorectal|esophagus|kidney
MCM10,3,1,2,-0.279689199162501,2.22929103880775,colorectal|esophagus|kidney
GABRP,3,1,2,-0.279133478996829,2.53195513161445,colorectal|esophagus|kidney
CDC20,3,1,2,-0.278242644796437,1.65421569252473,colorectal|esophagus|kidney
EPHX2,3,2,1,0.276308611664334,1.71770626268363,colorectal|esophagus|kidney
EXO1,3,1,2,-0.274266783529746,2.05510556739575,colorectal|esophagus|kidney
RAD54L,3,1,2,-0.274058174232826,1.44204324672879,colorectal|esophagus|kidney
UBE2C,3,1,2,-0.268421613141462,2.71249521774198,colorectal|esophagus|kidney
COL28A1,3,2,1,0.268092856457204,1.99882072233228,colorectal|kidney|liver
CHRDL1,3,2,1,0.264006922973324,3.17945663539074,colorectal|esophagus|kidney
TCEAL2,3,2,1,0.262381344323375,3.72449468243461,colorectal|esophagus|kidney
HAPLN3,3,1,2,-0.261550752293055,1.60396523830052,colorectal|esophagus|kidney
SLC6A4,3,1,2,-0.260325244405286,2.01393061268973,colorectal|esophagus|kidney
ENPP6,3,2,1,-0.256977300526368,3.9062068972964,colorectal|esophagus|kidney
ERCC6L,3,1,2,-0.249249143326126,1.70887862916075,colorectal|esophagus|kidney
CNTN3,3,2,1,0.248168894474174,2.64018057599888,colorectal|esophagus|kidney
SLC7A11,3,1,2,-0.246523748849753,2.37048068875748,colorectal|esophagus|kidney
TMEM61,3,2,1,-0.244995134230457,2.68869827049676,colorectal|esophagus|kidney
HCAR2,3,1,2,-0.243915056617633,2.57322542001205,colorectal|kidney|pancreatic
NEK2,3,1,2,-0.238075311765523,2.30410820332646,colorectal|esophagus|kidney
AFF2,3,2,1,0.236766275812951,1.75014661001008,colorectal|esophagus|kidney
ABCA12,3,1,2,0.235351952324385,2.51260240139077,colorectal|esophagus|kidney
TST,3,2,1,0.233203159890732,1.58094480059773,colorectal|esophagus|kidney
DNASE1L3,3,2,1,0.229071237736705,2.21131015534384,colorectal|esophagus|kidney
CCBE1,3,2,1,0.228359334263023,2.48199128799927,colorectal|esophagus|kidney
CA9,3,1,2,-0.226967101556515,4.85217706743017,colorectal|esophagus|kidney
KIF20A,3,1,2,-0.223145864663277,1.96889040804847,colorectal|esophagus|kidney
COL5A1,3,2,1,0.208986736783645,2.17050134050115,esophagus|kidney|pancreatic
TPX2,3,1,2,-0.201315181613266,2.53603889163707,colorectal|esophagus|kidney
CENPI,3,1,2,-0.197485222727238,1.78906252743274,colorectal|esophagus|kidney
IQGAP3,3,1,2,-0.195895534184904,2.21946487758969,colorectal|esophagus|kidney
PAQR4,3,1,2,-0.194191903992716,1.85283496542121,colorectal|esophagus|kidney
DPP6,3,2,1,0.189245270151264,3.32366763890274,colorectal|esophagus|kidney
SFRP1,3,2,1,-0.185154149208358,4.24350790659699,colorectal|esophagus|kidney
NUF2,3,1,2,-0.172436099125342,2.09552139941915,colorectal|esophagus|kidney
CDC45,3,1,2,-0.168008044746121,2.14665200493821,colorectal|esophagus|kidney
MKI67,3,1,2,0.165774844942655,2.26073945937724,colorectal|esophagus|kidney
PPP1R1A,3,2,1,0.163752677116229,2.79181488126741,colorectal|esophagus|kidney
RRM2,3,1,2,-0.161254876800356,1.97938186275349,colorectal|esophagus|kidney
MND1,3,1,2,-0.160358030650177,1.5269011132516,colorectal|esophagus|kidney
CEP55,3,1,2,-0.160152734649406,2.50316323327725,colorectal|esophagus|kidney
ASPM,3,1,2,0.159936019918199,2.42176852713941,colorectal|esophagus|kidney
DLGAP5,3,1,2,0.156049310264908,2.34449536845355,colorectal|esophagus|kidney
ANPEP,3,1,2,-0.155625152072458,2.69297415286583,colorectal|esophagus|kidney
RNF224,3,1,2,-0.149958707100558,2.198354337951,colorectal|esophagus|kidney
SHISA3,3,2,1,0.147640022321777,2.69196550735532,colorectal|esophagus|kidney
BRINP3,3,2,1,0.145596936791031,3.9535763810305,colorectal|esophagus|kidney
BIRC5,3,1,2,-0.142691727984093,2.19685276603953,colorectal|esophagus|kidney
SLC16A9,3,2,1,0.142244987863826,2.37283826300083,colorectal|esophagus|kidney
CXCL9,3,1,2,-0.135968566493828,2.1762009646798,colorectal|esophagus|kidney
GPAT3,3,2,1,0.135412873381375,2.31654135422854,colorectal|esophagus|kidney
PKMYT1,3,1,2,-0.133020703641846,2.20776135904951,colorectal|esophagus|kidney
SPNS2,3,1,2,0.127131177397689,2.15169716521146,colorectal|esophagus|kidney
NCAPH,3,1,2,-0.120789069585289,2.06142298810238,colorectal|esophagus|kidney
CHAC1,3,1,2,-0.1154633596442,1.90236721695793,colorectal|esophagus|pancreatic
CDT1,3,1,2,-0.112913589348253,1.75529179143922,colorectal|esophagus|kidney
DEFB1,3,2,1,0.112608493082721,2.07081968068271,colorectal|esophagus|kidney
CLSPN,3,1,2,-0.11097718560183,2.15314571215087,colorectal|esophagus|kidney
GINS2,3,1,2,-0.106040403050878,1.76220566620124,colorectal|esophagus|kidney
COL4A2,3,2,1,0.10554171107504,1.58694974492405,esophagus|kidney|pancreatic
LAIR2,3,1,2,-0.1030336888691,2.29732983673164,colorectal|esophagus|kidney
HJURP,3,1,2,-0.102245321651869,2.48231634807222,colorectal|esophagus|kidney
GABRD,3,1,2,0.0995070613231344,3.37325686123241,colorectal|esophagus|kidney
MAPK4,3,2,1,-0.0881964522986522,2.96872016746833,colorectal|esophagus|kidney
KIF4A,3,1,2,-0.0853118711630108,2.32841151604696,colorectal|esophagus|kidney
ANXA9,3,1,2,-0.0844889208921001,2.01677008189188,esophagus|kidney|pancreatic
KLHL14,3,2,1,0.0816866735584467,2.02416547873002,colorectal|esophagus|kidney
TROAP,3,1,2,-0.0763030603783928,2.23368744784313,colorectal|esophagus|kidney
KIFC1,3,1,2,-0.0756358971023182,1.7978219704431,colorectal|esophagus|kidney
BUB1,3,1,2,0.0692004671671995,2.35491425459627,colorectal|esophagus|kidney
SLC2A1,3,1,2,-0.0675681356817311,1.91823427442814,colorectal|esophagus|kidney
E2F1,3,1,2,-0.0615016689333209,2.07895195082245,colorectal|esophagus|kidney
ANLN,3,1,2,-0.0562845865650181,2.37332051923576,colorectal|esophagus|kidney
ASF1B,3,1,2,0.0529319312643412,1.98066142496573,colorectal|esophagus|kidney
BUB1B,3,1,2,-0.0487627703759156,1.8614636857195,colorectal|esophagus|kidney
MELK,3,1,2,0.0487300855038019,2.24738987467416,colorectal|esophagus|kidney
TTK,3,1,2,-0.0455768378023331,1.85042583406651,colorectal|esophagus|kidney
DTL,3,1,2,0.0398622207806797,2.40889920670249,colorectal|esophagus|kidney
GPR176,3,2,1,-0.0356028631767081,1.82267743022463,esophagus|kidney|pancreatic
COL3A1,3,2,1,-0.0354504512773447,2.51571000876967,esophagus|kidney|pancreatic
SCNN1G,3,2,1,-0.0348899386056855,4.86694613852019,colorectal|esophagus|kidney
ROS1,3,2,1,0.0332332087087989,3.96414270189157,colorectal|esophagus|pancreatic
CLDN11,3,2,1,-0.0298770004352155,1.86280032946703,colorectal|kidney|pancreatic
FADS6,3,2,1,-0.0255590625419691,3.22570381491232,colorectal|esophagus|kidney
NUSAP1,3,1,2,-0.0192986442281233,1.79378951878558,colorectal|esophagus|kidney
TNFAIP6,3,1,2,0.0163422263256615,3.8006098178324,colorectal|esophagus|kidney
TOP2A,3,1,2,0.011490651043307,2.4874439133551,colorectal|esophagus|kidney
PRR11,3,1,2,0.0109904213064712,1.87338667739318,colorectal|esophagus|kidney
INHBB,3,1,2,0.0102261468490467,2.78414911990736,colorectal|esophagus|kidney
UHRF1,3,1,2,0.00714260550223759,2.53564686569829,colorectal|esophagus|kidney
PXDN,3,2,1,-0.0051460197065761,1.96644623864347,esophagus|kidney|pancreatic
VAT1L,3,2,1,0.00411682194193985,1.84471097386264,colorectal|kidney|liver
KIF18B,3,1,2,0.00406559385233115,2.4152988935272,colorectal|esophagus|kidney
CENPF,3,1,2,0.000129621972660384,2.41424956041176,colorectal|esophagus|kidney
