Symbol,colorectal,esophagus,kidney,liver,pancreatic,total
MMP9,1,1,1,0,1,4
COL1A1,1,1,1,0,1,4
COL1A2,1,1,1,0,1,4
CDK1,1,1,1,0,0,3
CCNB1,1,1,1,0,0,3
CDC20,1,1,1,0,0,3
TOP2A,1,1,1,0,0,3
PLK1,1,1,1,0,0,3
BUB1,1,1,1,0,0,3
BUB1B,1,1,1,0,0,3
BIRC5,1,1,1,0,0,3
CDC45,1,1,1,0,0,3
NUF2,1,1,1,0,0,3
DLGAP5,1,1,1,0,0,3
RRM2,1,1,1,0,0,3
KIF20A,1,1,1,0,0,3
TPX2,1,1,1,0,0,3
UBE2C,1,1,1,0,0,3
MELK,1,1,1,0,0,3
ASPM,1,1,1,0,0,3
AURKA,1,1,1,0,0,3
KIF4A,1,1,1,0,0,3
NUSAP1,1,1,1,0,0,3
KIF2C,1,1,1,0,0,3
CENPF,1,1,1,0,0,3
CEP55,1,1,1,0,0,3
EXO1,1,1,1,0,0,3
MAD2L1,1,1,1,0,0,3
TTK,1,1,1,0,0,3
HMMR,1,1,1,0,0,3
FOXM1,1,1,1,0,0,3
HJURP,1,1,1,0,0,3
NEK2,1,1,1,0,0,3
MKI67,1,1,1,0,0,3
MCM10,1,1,1,0,0,3
CDCA5,1,1,1,0,0,3
CDC6,1,1,1,0,0,3
KIFC1,1,1,1,0,0,3
ANLN,1,1,1,0,0,3
KIF14,1,1,1,0,0,3
NCAPH,1,1,1,0,0,3
CXCL10,1,1,1,0,0,3
CDT1,1,1,1,0,0,3
TRIP13,1,1,1,0,0,3
CDKN3,1,1,1,0,0,3
KIF18A,1,1,1,0,0,3
CYP3A4,1,1,1,0,0,3
RAD51AP1,1,1,1,0,0,3
ECT2,1,1,1,0,0,3
MCM2,1,1,1,0,0,3
DTL,1,1,1,0,0,3
CXCL9,1,1,1,0,0,3
FCGR3A,1,1,1,0,0,3
CKAP2L,1,1,1,0,0,3
CXCL11,1,1,1,0,0,3
ASF1B,1,1,1,0,0,3
KIF18B,1,1,1,0,0,3
TROAP,1,1,1,0,0,3
ACAN,1,1,1,0,0,3
FCGR3B,1,1,1,0,0,3
MYBL2,1,1,1,0,0,3
E2F1,1,1,1,0,0,3
TIMP1,1,1,0,0,1,3
UBE2T,1,1,1,0,0,3
MND1,1,1,1,0,0,3
MET,1,1,1,0,0,3
ERCC6L,1,1,1,0,0,3
CENPI,1,1,1,0,0,3
GTSE1,1,1,1,0,0,3
ITGA11,1,1,0,0,1,3
MMP3,1,1,0,0,1,3
UHRF1,1,1,1,0,0,3
COL4A1,1,1,1,0,0,3
BGN,1,1,0,0,1,3
GZMB,1,1,1,0,0,3
COL5A2,1,1,0,0,1,3
THBS2,1,1,0,0,1,3
FN1,0,1,1,0,1,3
COL3A1,0,1,1,0,1,3
COL5A1,0,1,1,0,1,3
COL4A2,0,1,1,0,1,3
LUM,0,1,1,0,1,3
FCER1G,0,1,1,0,1,3
CD44,1,0,1,0,0,2
CXCL8,1,1,0,0,0,2
CENPA,1,1,0,0,0,2
KIF23,1,1,0,0,0,2
ESPL1,1,1,0,0,0,2
MYC,1,0,1,0,0,2
CDCA3,1,1,0,0,0,2
PTTG1,1,0,1,0,0,2
CCL5,1,0,1,0,0,2
RACGAP1,1,0,1,0,0,2
CXCL12,1,0,1,0,0,2
IL1A,1,1,0,0,0,2
CXCR2,1,1,0,0,0,2
CCND1,1,0,1,0,0,2
CXCL1,1,1,0,0,0,2
CCL20,1,0,1,0,0,2
CCL21,1,0,1,0,0,2
CCR8,1,1,0,0,0,2
CD36,1,0,1,0,0,2
BRCA2,1,0,1,0,0,2
CCL19,1,0,1,0,0,2
SHCBP1,1,1,0,0,0,2
FEN1,1,1,0,0,0,2
SKA3,1,0,1,0,0,2
CYP2B6,1,0,1,0,0,2
CDC25A,1,1,0,0,0,2
CKS2,1,1,0,0,0,2
MMP1,1,1,0,0,0,2
SPP1,1,1,0,0,0,2
CXCL6,1,1,0,0,0,2
SERPINE1,1,1,0,0,0,2
KPNA2,1,1,0,0,0,2
ORC1,1,1,0,0,0,2
CCL8,1,1,0,0,0,2
UGT1A7,1,1,0,0,0,2
CCNF,1,1,0,0,0,2
DEPDC1B,1,1,0,0,0,2
PTGS2,1,1,0,0,0,2
ITGA8,1,0,1,0,0,2
CLSPN,1,1,0,0,0,2
CAMK2A,1,0,1,0,0,2
MPO,1,0,1,0,0,2
FGF10,1,0,1,0,0,2
VTN,1,0,1,0,0,2
ANPEP,1,0,1,0,0,2
FOXP3,1,0,1,0,0,2
H3C15,1,1,0,0,0,2
SHMT2,1,0,1,0,0,2
GINS1,1,1,0,0,0,2
MAOA,1,0,1,0,0,2
SNAI1,1,0,0,0,1,2
MAOB,1,1,0,0,0,2
FCGR1A,1,0,1,0,0,2
MMP7,1,1,0,0,0,2
GINS2,1,1,0,0,0,2
PLAU,1,1,0,0,0,2
CCNB2,0,1,1,0,0,2
AURKB,0,1,1,0,0,2
CDCA8,0,1,1,0,0,2
PBK,0,1,1,0,0,2
CENPE,0,1,1,0,0,2
ZWINT,0,1,1,0,0,2
NDC80,0,1,1,0,0,2
PRC1,0,1,1,0,0,2
RAD51,0,1,1,0,0,2
SPAG5,0,1,1,0,0,2
BRCA1,0,1,1,0,0,2
DEPDC1,0,1,1,0,0,2
CXCR4,0,1,1,0,0,2
CDCA2,0,1,1,0,0,2
EGF,0,1,1,0,0,2
SKA1,0,1,1,0,0,2
CDC25C,0,1,1,0,0,2
OIP5,0,1,1,0,0,2
SPC25,0,1,1,0,0,2
TLR2,0,1,1,0,0,2
CENPM,0,1,1,0,0,2
TACC3,0,1,1,0,0,2
CD80,0,1,1,0,0,2
KNTC1,0,1,1,0,0,2
ITGA5,0,1,1,0,0,2
CCL3,0,1,1,0,0,2
CCL4,0,1,1,0,0,2
ITGAX,0,1,1,0,0,2
COL12A1,0,1,0,0,1,2
POSTN,0,1,0,0,1,2
IGF2,0,1,1,0,0,2
CTLA4,0,1,1,0,0,2
CYP2C9,0,1,1,0,0,2
SERPINH1,0,1,0,0,1,2
CD40LG,0,1,1,0,0,2
SPARC,0,1,0,0,1,2
ERBB4,0,1,1,0,0,2
CYP4A11,0,1,1,0,0,2
MUC1,0,1,1,0,0,2
TNFRSF9,0,1,1,0,0,2
IL2RA,0,1,1,0,0,2
CD163,0,1,1,0,0,2
OCLN,0,1,1,0,0,2
PDGFRB,0,1,0,0,1,2
ISG15,0,1,0,0,1,2
LPL,0,1,1,0,0,2
CCRL2,0,1,1,0,0,2
OASL,0,1,0,0,1,2
ALB,0,0,1,0,1,2
IL6,1,0,0,0,0,1
IL1B,1,0,0,0,0,1
CD19,1,0,0,0,0,1
MCM4,1,0,0,0,0,1
PRKACB,1,0,0,0,0,1
H3C12,1,0,0,0,0,1
IGF1,1,0,0,0,0,1
BCL2,1,0,0,0,0,1
NCAM1,1,0,0,0,0,1
SST,1,0,0,0,0,1
KIT,1,0,0,0,0,1
CXCR1,1,0,0,0,0,1
NPY,1,0,0,0,0,1
AGT,1,0,0,0,0,1
CXCL2,1,0,0,0,0,1
GCG,1,0,0,0,0,1
CCR10,1,0,0,0,0,1
CXCL5,1,0,0,0,0,1
ADCY5,1,0,0,0,0,1
CCR9,1,0,0,0,0,1
ITGA2,1,0,0,0,0,1
CDK4,1,0,0,0,0,1
UGT1A6,1,0,0,0,0,1
UGT1A1,1,0,0,0,0,1
F2,1,0,0,0,0,1
PPARGC1A,1,0,0,0,0,1
CD79A,1,0,0,0,0,1
NCAPG2,1,0,0,0,0,1
UGT1A8,1,0,0,0,0,1
UGT1A4,1,0,0,0,0,1
ADH1B,1,0,0,0,0,1
CXCL3,1,0,0,0,0,1
ADH1C,1,0,0,0,0,1
GSTA1,1,0,0,0,0,1
RFC3,1,0,0,0,0,1
BMP2,1,0,0,0,0,1
MME,1,0,0,0,0,1
UGT1A10,1,0,0,0,0,1
SYP,1,0,0,0,0,1
GRIN2B,1,0,0,0,0,1
CKAP2,1,0,0,0,0,1
CYP2C18,1,0,0,0,0,1
PF4,1,0,0,0,0,1
ADH6,1,0,0,0,0,1
SHH,1,0,0,0,0,1
MS4A1,1,0,0,0,0,1
ADH1A,1,0,0,0,0,1
HPGDS,1,0,0,0,0,1
SOX9,1,0,0,0,0,1
LEF1,1,0,0,0,0,1
WNT5A,1,0,0,0,0,1
PAX5,1,0,0,0,0,1
GRIN2A,1,0,0,0,0,1
FGFR2,1,0,0,0,0,1
UGT1A3,1,0,0,0,0,1
FGF9,1,0,0,0,0,1
GSTM1,1,0,0,0,0,1
CCL3L3,1,0,0,0,0,1
DRD2,1,0,0,0,0,1
IGLL5,1,0,0,0,0,1
UBE2S,1,0,0,0,0,1
GPX3,1,0,0,0,0,1
NTRK2,1,0,0,0,0,1
XCL2,1,0,0,0,0,1
CD22,1,0,0,0,0,1
RECQL4,1,0,0,0,0,1
HSD3B2,1,0,0,0,0,1
GRIN1,1,0,0,0,0,1
H3C14,1,0,0,0,0,1
FGF18,1,0,0,0,0,1
COL2A1,1,0,0,0,0,1
FLNC,1,0,0,0,0,1
IL6R,1,0,0,0,0,1
GNA11,1,0,0,0,0,1
GRIA4,1,0,0,0,0,1
UGT1A9,1,0,0,0,0,1
AKR1C2,1,0,0,0,0,1
CCL24,1,0,0,0,0,1
CR2,1,0,0,0,0,1
PRKCG,1,0,0,0,0,1
ABCC2,1,0,0,0,0,1
CD79B,1,0,0,0,0,1
SAA1,1,0,0,0,0,1
SLC9A1,1,0,0,0,0,1
CACNG8,1,0,0,0,0,1
UGDH,1,0,0,0,0,1
LIF,1,0,0,0,0,1
NR1H4,1,0,0,0,0,1
GRIN2D,1,0,0,0,0,1
SCN4B,1,0,0,0,0,1
ACKR2,1,0,0,0,0,1
CES2,1,0,0,0,0,1
GRIA3,1,0,0,0,0,1
CHGA,1,0,0,0,0,1
VIP,1,0,0,0,0,1
SNAP25,1,0,0,0,0,1
CD7,1,0,0,0,0,1
CCL28,1,0,0,0,0,1
UGT2B15,1,0,0,0,0,1
UGT2B17,1,0,0,0,0,1
GAL,1,0,0,0,0,1
CLU,1,0,0,0,0,1
LCN2,1,0,0,0,0,1
TK1,0,1,0,0,0,1
RFC4,0,1,0,0,0,1
MMP2,0,1,0,0,0,1
KNL1,0,1,0,0,0,1
MCM7,0,1,0,0,0,1
APOE,0,1,0,0,0,1
COL6A1,0,1,0,0,0,1
WDHD1,0,1,0,0,0,1
COL6A2,0,1,0,0,0,1
COL6A3,0,1,0,0,0,1
CYP2E1,0,1,0,0,0,1
CCR1,0,1,0,0,0,1
THBS1,0,1,0,0,0,1
ITGA6,0,1,0,0,0,1
FBN1,0,1,0,0,0,1
MAPK3,0,1,0,0,0,1
VCAM1,0,1,0,0,0,1
CXCL13,0,1,0,0,0,1
LOX,0,1,0,0,0,1
IL18,0,1,0,0,0,1
LGALS3,0,1,0,0,0,1
IVL,0,1,0,0,0,1
PLOD1,0,1,0,0,0,1
COL11A1,0,1,0,0,0,1
CCL27,0,1,0,0,0,1
TIMELESS,0,1,0,0,0,1
SPRR3,0,1,0,0,0,1
MCM8,0,1,0,0,0,1
TGM1,0,1,0,0,0,1
ESCO2,0,1,0,0,0,1
GP6,0,1,0,0,0,1
CDH2,0,1,0,0,0,1
FLG,0,1,0,0,0,1
CYP2C19,0,1,0,0,0,1
XCR1,0,1,0,0,0,1
LAMB1,0,1,0,0,0,1
GSTT2,0,1,0,0,0,1
SPRR1B,0,1,0,0,0,1
SPRR1A,0,1,0,0,0,1
ALOX15,0,1,0,0,0,1
NID1,0,1,0,0,0,1
ALDH1A3,0,1,0,0,0,1
CENPW,0,1,0,0,0,1
PKMYT1,0,1,0,0,0,1
EPCAM,0,1,0,0,0,1
CKS1B,0,1,0,0,0,1
COL10A1,0,1,0,0,0,1
DSG1,0,1,0,0,0,1
CCL26,0,1,0,0,0,1
ALDH1A2,0,1,0,0,0,1
WNT3A,0,1,0,0,0,1
CDSN,0,1,0,0,0,1
CDC25B,0,1,0,0,0,1
TLR3,0,1,0,0,0,1
P3H1,0,1,0,0,0,1
CHTF18,0,1,0,0,0,1
GINS4,0,1,0,0,0,1
CYP3A5,0,1,0,0,0,1
PPL,0,1,0,0,0,1
CYP2J2,0,1,0,0,0,1
SPRR2B,0,1,0,0,0,1
EPHX2,0,1,0,0,0,1
ALDH9A1,0,1,0,0,0,1
VCAN,0,1,0,0,0,1
ARHGAP11A,0,1,0,0,0,1
ALDH3A1,0,1,0,0,0,1
CD4,0,0,1,0,0,1
CD8A,0,0,1,0,0,1
EGFR,0,0,1,0,0,1
PTPRC,0,0,1,0,0,1
CCNA2,0,0,1,0,0,1
KIF11,0,0,1,0,0,1
NCAPG,0,0,1,0,0,1
ITGAM,0,0,1,0,0,1
CCR7,0,0,1,0,0,1
TYROBP,0,0,1,0,0,1
ITGB2,0,0,1,0,0,1
CD86,0,0,1,0,0,1
CCR5,0,0,1,0,0,1
KIF15,0,0,1,0,0,1
CD2,0,0,1,0,0,1
CD247,0,0,1,0,0,1
CD28,0,0,1,0,0,1
CSF1R,0,0,1,0,0,1
LCK,0,0,1,0,0,1
CD27,0,0,1,0,0,1
CD40,0,0,1,0,0,1
CXCR3,0,0,1,0,0,1
COX2,0,0,1,0,0,1
TGFB1,0,0,1,0,0,1
IL7R,0,0,1,0,0,1
GAPDH,0,0,1,0,0,1
CCR2,0,0,1,0,0,1
PCLAF,0,0,1,0,0,1
CD3E,0,0,1,0,0,1
ICOS,0,0,1,0,0,1
PLK4,0,0,1,0,0,1
COX1,0,0,1,0,0,1
CD38,0,0,1,0,0,1
B2M,0,0,1,0,0,1
CD68,0,0,1,0,0,1
PDCD1,0,0,1,0,0,1
CX3CR1,0,0,1,0,0,1
ZAP70,0,0,1,0,0,1
CD5,0,0,1,0,0,1
HLA-A,0,0,1,0,0,1
CD3D,0,0,1,0,0,1
KLRD1,0,0,1,0,0,1
TBX21,0,0,1,0,0,1
SMC4,0,0,1,0,0,1
KLRK1,0,0,1,0,0,1
ITGA4,0,0,1,0,0,1
SCARB1,0,0,1,0,0,1
PKM,0,0,1,0,0,1
PRF1,0,0,1,0,0,1
LCP2,0,0,1,0,0,1
CXCR6,0,0,1,0,0,1
LAG3,0,0,1,0,0,1
APOA1,0,0,1,0,0,1
HLA-DRA,0,0,1,0,0,1
VAV1,0,0,1,0,0,1
ITGAL,0,0,1,0,0,1
ITK,0,0,1,0,0,1
CD3G,0,0,1,0,0,1
AOX1,0,0,1,0,0,1
HCK,0,0,1,0,0,1
GZMA,0,0,1,0,0,1
CENPU,0,0,1,0,0,1
CDKN2A,0,0,1,0,0,1
IL2RB,0,0,1,0,0,1
HLA-DRB1,0,0,1,0,0,1
HLA-C,0,0,1,0,0,1
JAK3,0,0,1,0,0,1
DCN,0,0,1,0,0,1
MCM5,0,0,1,0,0,1
RAC2,0,0,1,0,0,1
HLA-B,0,0,1,0,0,1
IDO1,0,0,1,0,0,1
LEP,0,0,1,0,0,1
RUNX1,0,0,1,0,0,1
CENPH,0,0,1,0,0,1
PPARA,0,0,1,0,0,1
CD48,0,0,1,0,0,1
FASLG,0,0,1,0,0,1
HLA-DPA1,0,0,1,0,0,1
KNG1,0,0,1,0,0,1
ARRB2,0,0,1,0,0,1
AGXT2,0,0,1,0,0,1
FOS,0,0,1,0,0,1
EZH2,0,0,1,0,0,1
VWF,0,0,1,0,0,1
FCGR2C,0,0,1,0,0,1
CD74,0,0,1,0,0,1
LILRB2,0,0,1,0,0,1
PKLR,0,0,1,0,0,1
REN,0,0,1,0,0,1
ENPP1,0,0,1,0,0,1
HLA-DQA1,0,0,1,0,0,1
HLA-DQB1,0,0,1,0,0,1
CD33,0,0,1,0,0,1
E2F8,0,0,1,0,0,1
CCL22,0,0,1,0,0,1
ITGB6,0,0,1,0,0,1
HLA-F,0,0,1,0,0,1
ALDH2,0,0,1,0,0,1
GZMK,0,0,1,0,0,1
CHEK2,0,0,1,0,0,1
SPI1,0,0,1,0,0,1
C3,0,0,1,0,0,1
PLG,0,0,1,0,0,1
ACAA1,0,0,1,0,0,1
SUCLG2,0,0,1,0,0,1
SELP,0,0,1,0,0,1
WAS,0,0,1,0,0,1
PLEK,0,0,1,0,0,1
ALDH1B1,0,0,1,0,0,1
PDGFRA,0,0,1,0,0,1
FCGR2A,0,0,1,0,0,1
CYBB,0,0,1,0,0,1
FGF7,0,0,1,0,0,1
TNFRSF4,0,0,1,0,0,1
CTSS,0,0,1,0,0,1
LDHA,0,0,1,0,0,1
CYP4A22,0,0,1,0,0,1
CASP1,0,0,1,0,0,1
EHHADH,0,0,1,0,0,1
ENPP3,0,0,1,0,0,1
FANCI,0,0,1,0,0,1
SPC24,0,0,1,0,0,1
RUNX2,0,0,1,0,0,1
SPN,0,0,1,0,0,1
CCL11,0,0,1,0,0,1
SHMT1,0,0,1,0,0,1
CYTB,0,0,1,0,0,1
AGXT,0,0,1,0,0,1
SH2D1A,0,0,1,0,0,1
CAV1,0,0,1,0,0,1
TRAT1,0,0,1,0,0,1
COL16A1,0,0,0,0,1,1
MX2,0,0,0,0,1,1
IFI6,0,0,0,0,1,1
MX1,0,0,0,0,1,1
COL4A3,0,0,0,0,1,1
IFITM1,0,0,0,0,1,1
IFI44L,0,0,0,0,1,1
CD300C,0,0,0,0,1,1
BST2,0,0,0,0,1,1
OAS3,0,0,0,0,1,1
ICAM1,0,0,0,0,1,1
TGFBI,0,0,0,0,1,1
TIMP2,0,0,0,0,1,1
ACTA2,0,0,0,0,1,1
ADAMTS2,0,0,0,0,1,1
MMP13,0,0,0,0,1,1
MMP10,0,0,0,0,1,1
COMP,0,0,0,0,1,1
