Symbol,Module,N_Cancers,Degree,Log2FC
PLPP4,1,4,2,-1.23696817144072
LIPG,1,3,2,-1.3231686059918
HILPDA,2,4,0,1.07252598651858
ECRG4,3,4,0,0.925720980026956
INHBA,4,4,4,-0.908319923616144
ACVR1C,4,3,4,-0.492405594318804
INHBB,4,3,4,0.0102261468490467
ESM1,5,4,0,-0.89560862329169
MT1H,6,4,6,-0.884390718331756
MT1M,6,3,6,0.823968569082521
MT1X,6,3,6,-0.557067711279499
MT1G,6,3,6,-0.345904088623391
FN1,7,3,64,0.713039982957116
COL1A1,7,4,52,-0.24132960603813
COL1A2,7,4,42,-0.213468700311154
MMP9,7,4,34,0.0813498091871258
COL5A1,7,3,34,0.208986736783645
COL3A1,7,3,34,-0.0354504512773447
COL5A2,7,4,30,-0.0707454501740771
LUM,7,3,30,-0.811194157541154
COL4A1,7,3,28,-0.65937313921611
CXCL10,7,3,28,-0.367207465330232
BGN,7,3,26,-0.90346946242372
THBS2,7,3,26,-0.638267933312535
COL4A2,7,3,22,0.10554171107504
SERPINH1,7,4,20,-0.0901274612999655
COL11A1,7,3,20,-3.01925642764097
COL12A1,7,3,20,-0.851865298868254
ACAN,7,3,18,-1.10192333621238
ITGA11,7,3,18,-0.36146124744964
SPARC,7,4,16,-0.0748041366296751
TIMP1,7,4,16,0.0544448660713101
MMP3,7,3,16,-2.80362359182596
FCGR3A,7,3,16,-0.378444059889372
ADAMTS2,7,3,12,-0.950897336664947
SNAI1,7,3,12,-0.694099040330314
CD80,7,3,12,0.597733167078979
FCER1G,7,3,12,0.556115086481289
ANPEP,7,3,12,-0.155625152072458
TGFBI,7,4,10,0.0548601057777803
FCGR3B,7,3,10,-0.837395912809679
COL8A1,7,3,10,-0.679317065147091
CXCL11,7,3,10,-0.65318664977981
GZMB,7,3,10,-0.317009256344627
CXCL9,7,3,10,-0.135968566493828
MMP10,7,3,8,-2.8161269509593
MMP13,7,3,8,-2.00761685848137
SERPINE1,7,3,8,-0.911286446884938
THY1,7,3,8,-0.875274031656285
CCL20,7,3,8,0.827201415498555
OASL,7,3,8,0.669425889338044
GPX3,7,3,8,0.48294030001397
ISG15,7,3,8,0.47603207351733
MET,7,3,8,-0.417543107981911
TREM1,7,4,6,-0.449330175845131
FKBP10,7,4,6,-0.120878484457319
MS4A2,7,3,6,1.50907975612699
LILRA4,7,3,6,1.44064776274034
TLR3,7,3,6,1.2058973871988
IGFBP3,7,3,6,0.997749896099488
SAA1,7,3,6,0.943625544702906
PGF,7,3,6,0.757167965318793
PRELP,7,3,6,0.555086955373537
CCL3L3,7,3,6,-0.520168050448171
GGT6,7,3,6,-0.450282139409078
CHAC1,7,3,6,-0.1154633596442
TNFAIP6,7,3,6,0.0163422263256615
PXDN,7,3,6,-0.0051460197065761
MMP11,7,4,4,-0.755555931406987
DPT,7,3,4,0.834994236901918
FPR1,7,3,4,-0.595809753510969
CLEC5A,7,3,4,-0.553725519442445
TWIST1,7,3,4,-0.493771070954475
IFI6,7,3,4,-0.352298208419264
LOXL2,7,3,4,-0.306249549613698
ZNF469,7,4,2,-0.165638932350169
SELE,7,3,2,-1.5727138080257
AQP9,7,3,2,-1.41566703369318
CTHRC1,7,3,2,-1.22578279832739
FAP,7,3,2,-1.04341558006126
SCIN,7,3,2,0.884573362085453
P4HA3,7,3,2,-0.849820237881725
MSX2,7,3,2,-0.81094622063206
CCN4,7,3,2,-0.722106138451533
SULT1B1,7,3,2,0.691851439108939
SULF1,7,3,2,-0.665920484467502
CHAD,7,3,2,-0.644876368813501
CLEC4E,7,3,2,-0.45918614413546
RELN,7,3,2,0.413435439248685
CCL4L2,7,3,2,-0.301446668234426
CCBE1,7,3,2,0.228359334263023
ADAMTS12,8,4,0,-0.65389604401478
CDK1,9,3,118,-0.381338854238359
BUB1,9,3,108,0.0692004671671995
TOP2A,9,3,108,0.011490651043307
CDC20,9,3,106,-0.278242644796437
DLGAP5,9,3,104,0.156049310264908
CCNB1,9,3,102,-0.416545647069521
NUF2,9,3,102,-0.172436099125342
BIRC5,9,3,102,-0.142691727984093
ASPM,9,3,98,0.159936019918199
BUB1B,9,3,98,-0.0487627703759156
MELK,9,3,98,0.0487300855038019
KIF20A,9,3,96,-0.223145864663277
PLK1,9,3,94,-0.437478983588067
NUSAP1,9,3,94,-0.0192986442281233
KIF2C,9,3,92,-0.38087593983128
TPX2,9,3,92,-0.201315181613266
UBE2C,9,3,90,-0.268421613141462
CEP55,9,3,90,-0.160152734649406
KIF4A,9,3,90,-0.0853118711630108
CENPF,9,3,90,0.000129621972660384
TTK,9,3,88,-0.0455768378023331
MAD2L1,9,3,86,-0.378602141847004
HJURP,9,3,84,-0.102245321651869
AURKA,9,3,82,-0.627417318028437
FOXM1,9,3,80,-0.464512366841182
CDCA5,9,3,78,-0.362889087735232
HMMR,9,3,78,-0.342530713566031
MKI67,9,3,78,0.165774844942655
NEK2,9,3,74,-0.238075311765523
KIF14,9,4,70,0.22416154494495
KIFC1,9,3,68,-0.0756358971023182
ANLN,9,3,68,-0.0562845865650181
TRIP13,9,3,64,-0.764290440213052
CDKN3,9,3,62,-0.332378201181791
NCAPH,9,3,62,-0.120789069585289
ECT2,9,3,56,-0.698550668350226
KIF18A,9,3,52,-0.313894707771184
CKAP2L,9,4,46,0.589081140264167
CKS2,9,3,40,-0.444137342455759
TROAP,9,3,40,-0.0763030603783928
KIF18B,9,3,40,0.00406559385233115
MYBL2,9,3,36,-0.30676151570383
UBE2T,9,3,34,-0.483967277575827
GTSE1,9,3,32,-0.282300608788862
ERCC6L,9,3,32,-0.249249143326126
KPNA2,9,3,26,-0.474454593664313
CENPI,9,3,24,-0.197485222727238
UHRF1,9,3,22,0.00714260550223759
PKMYT1,9,3,16,-0.133020703641846
IQGAP3,9,3,6,-0.195895534184904
RPS6KA6,9,3,4,0.460253343011354
CDKN2B,9,3,2,1.75817072827777
IGF2BP3,9,3,2,-0.540340777738813
CIP2A,9,3,2,-0.447785088811744
DDIAS,9,3,2,-0.393051970200749
WDR62,9,3,2,-0.385959458401498
OSM,10,4,4,-0.442705238327001
IL13RA2,10,3,2,-1.68262127213487
CNTFR,10,3,2,0.709840190654886
SLC4A4,11,4,0,0.394636165236128
CDC45,12,3,94,-0.168008044746121
RRM2,12,3,90,-0.161254876800356
EXO1,12,3,78,-0.274266783529746
MCM10,12,3,64,-0.279689199162501
CDC6,12,3,62,-0.298369505202689
RAD51AP1,12,3,50,-0.360717549672755
CDT1,12,3,48,-0.112913589348253
DTL,12,3,46,0.0398622207806797
ASF1B,12,3,36,0.0529319312643412
MND1,12,3,30,-0.160358030650177
MCM2,12,3,28,-0.554230245862321
E2F1,12,3,22,-0.0615016689333209
CLSPN,12,3,20,-0.11097718560183
GINS2,12,3,18,-0.106040403050878
ORC6,12,3,14,-0.552363442867
RAD54L,12,3,14,-0.274058174232826
DSCC1,12,3,12,-0.598741638146385
ATAD2,12,3,12,-0.369893832149144
E2F7,12,4,6,0.207341829462841
XRCC2,12,3,4,-0.511871344873322
ENTPD8,12,3,2,-0.478878010402686
OLFML2B,13,4,0,0.199972234028686
ANOS1,14,4,0,0.125080756922589
LRRC15,15,4,0,0.122935026729751
TBX15,16,4,0,0.119281831175414
PLEKHN1,17,4,0,0.102129217978657
APLN,18,4,0,-0.0945249246579725
PKHD1L1,19,4,0,-0.0788634545647909
COL19A1,20,4,0,0.063070572552057
FSCN1,21,4,0,-0.0543563579648721
TUBB3,22,4,0,-0.0484397028973494
TMEM132A,23,4,0,0.0438988254529984
SPOCD1,24,4,0,0.00897863206794031
POGLUT2,25,4,0,-0.00361680931574093
DPEP1,26,3,0,-3.5587081174767
SLC30A2,27,3,0,-2.74812670934457
GRIN2A,28,3,4,1.65172302836299
GRIK3,28,3,2,2.63121104129417
GRIN2D,28,3,2,-1.50893646406689
STRA6,29,3,0,-2.62748280190171
CDH3,30,3,0,-2.53814285259613
SLITRK3,31,3,0,2.52043501613484
CADM2,32,3,0,2.42855669105399
AZGP1,33,3,0,-2.41140918789065
HOXB8,34,3,2,-2.35452716717795
HOXB5,34,3,2,-0.510307452291314
SHISA2,35,3,0,-2.29470751088443
PADI1,36,3,0,2.27943591506614
CSTA,37,3,0,2.17879276667783
WDR72,38,3,0,-2.17167952070731
NOX4,39,3,2,-2.12370927692108
DUOX2,39,3,2,-0.646199496454928
CADM3,40,3,0,2.06628668924788
ERVMER34-1,41,3,0,-1.96417917456728
CST2,42,3,0,-1.95883319346247
MME,43,3,8,-1.91825376013483
NR3C2,43,3,6,0.528837855039525
CALB2,43,3,4,1.72182420315098
KRT7,43,3,4,-1.31687525602614
SCNN1B,43,3,4,0.487409940128225
SCNN1G,43,3,4,-0.0348899386056855
VIP,43,3,2,1.6104584597282
XPNPEP2,43,3,2,-1.0991290234157
CLDN14,44,3,2,-1.91605464926534
CLDN11,44,3,2,-0.0298770004352155
DHRS9,45,3,0,1.90928647655063
PRAME,46,3,0,-1.86395840260327
EPB41L4B,47,3,0,-1.85276579366768
TNS4,48,3,0,-1.82926107837393
PSAT1,49,3,4,-1.81362161281477
CYP2C18,49,3,4,0.488116968119027
GPT,49,3,4,-0.342750632319971
GPT2,49,3,4,-0.340646031165095
EPHX2,49,3,4,0.276308611664334
CYP3A4,49,3,2,0.562497703526704
CYP27B1,50,3,0,-1.8111428464517
BARX2,51,3,0,1.76749164558423
FREM2,52,3,0,-1.74134356353625
RERGL,53,3,0,1.71447717840668
PRSS22,54,3,0,-1.71092572236955
SLC5A12,55,3,0,-1.63292953427819
MAL,56,3,0,1.62556163805513
VSIG2,57,3,0,1.57292616870301
PLP1,58,3,0,1.56970789404821
TACSTD2,59,3,0,-1.5521836820734
SIM2,60,3,0,-1.48995504979528
SFRP2,61,3,0,1.48344755289917
RAB3B,62,3,0,-1.40658686741355
EDIL3,63,3,0,1.35677499187865
FBXO2,64,3,0,-1.35543305396842
GNA15,65,3,2,1.32313396745783
GRPR,65,3,2,-0.919590059322133
KCNK10,66,3,0,-1.3219762411885
FAM89A,67,3,0,-1.29139648268044
ATP1A2,68,3,0,1.27306169494649
MS4A4E,69,3,0,1.24350918592903
C6,70,3,2,1.24038405929141
C7,70,3,2,0.466439183044221
KIAA0408,71,3,0,1.21680365846342
HTR1D,72,3,2,-1.21320418373868
SLC6A4,72,3,2,-0.260325244405286
G0S2,73,3,0,-1.21174855140389
ASPA,74,3,0,1.20608114843426
PTGS1,75,3,0,1.18938706252536
GLYATL1,76,3,0,-1.18117301577526
ABAT,77,3,0,-1.14479196023165
IGFL4,78,3,0,-1.13876995839224
MCEMP1,79,3,0,-1.11394667956821
ADAM12,80,3,0,-1.09228815806004
MYEOV,81,3,0,1.08978997545031
KIF26B,82,3,0,-1.06708047093494
PI16,83,3,0,1.06070147429155
MUC15,84,3,0,-1.05179133256756
KRT222,85,3,0,1.04849778848931
STC2,86,3,0,-1.01674825077954
HMGCLL1,87,3,2,1.01089089577564
HMGCS2,87,3,2,0.433132360086595
TDO2,88,3,0,-1.00845241291119
CHP2,89,3,0,-1.00463191904961
CLEC3B,90,3,0,1.0035991385975
ABCA8,91,3,0,0.978542448126576
EMX1,92,3,0,-0.964650435078394
UNC93A,93,3,0,-0.963449939030101
RFX8,94,3,0,-0.959227320089582
C16orf89,95,3,0,0.953723140702281
PITX1,96,3,0,0.948395085178313
CILP2,97,3,0,0.938709744158566
ASPG,98,3,0,0.923209961488077
ZBTB16,99,3,0,0.9178672156589
LYPD3,100,3,0,0.915267062321353
UCHL1,101,3,0,-0.91016882248293
ZNF676,102,3,0,0.907648153927011
ADAMDEC1,103,3,0,0.900260446531605
NEU4,104,3,0,-0.895307668603805
EPOP,105,3,0,-0.892645747277209
CWH43,106,3,0,0.87918763140694
ZNF695,107,3,0,-0.872154878418891
GDPD3,108,3,2,0.863300060860296
ENPP6,108,3,2,-0.256977300526368
NEXMIF,109,3,0,0.837351838159581
FAM3B,110,3,0,-0.83537671239896
NNMT,111,3,0,0.834098393140063
ANKRD20A1,112,3,0,0.813419075809852
HPGD,113,3,0,0.810385715946382
LRRC2,114,3,0,-0.801569443329939
GREM2,115,3,2,0.79993341164418
GDF7,115,3,2,0.319350147173936
NCCRP1,116,3,0,0.792589574052113
LONRF2,117,3,0,0.779918485195384
CCL14,118,3,0,0.766439052205913
LCN10,119,3,0,0.764669017983316
MYZAP,120,3,0,0.758541666891689
SLC11A1,121,3,0,-0.750081900731735
RUNX1,122,3,0,0.748357707361624
PTP4A3,123,3,0,-0.722870103417388
CSMD2,124,3,0,-0.722018631274218
ADH1B,125,3,2,0.716610351884663
ADH1A,125,3,2,0.53227275815046
PRR15L,126,3,0,-0.716287100120983
CD300LF,127,3,0,0.71455239680617
NTRK3,128,3,2,0.702240267923942
NTRK2,128,3,2,-0.548214519970258
IQCN,129,3,0,0.69585881069385
PGM5,130,3,0,0.693939646981953
FAM107A,131,3,0,0.692977628764075
FRRS1L,132,3,0,0.682715761751474
PLCXD3,133,3,0,0.682462395778252
PMEPA1,134,3,0,-0.68121670563545
CELSR3,135,3,0,-0.665747000890495
FNDC1,136,3,0,-0.663382220450478
CEACAM1,137,3,0,0.660627395542963
CYP4F12,138,3,0,0.656944088308165
HPSE2,139,3,0,0.654056899821903
SEC14L5,140,3,0,0.648060582347404
EYA2,141,3,0,0.645747293370436
NPY1R,142,3,0,0.642234166016418
SMTNL2,143,3,0,-0.637053837556034
STRIP2,144,3,0,-0.628061826682681
TYRO3,145,3,0,-0.62352523739623
ZNF662,146,3,0,0.621549280356423
NTM,147,3,0,0.620234937578754
TTYH3,148,3,0,-0.618797006204626
ADGRV1,149,3,0,-0.614636634788709
PDZK1,150,3,0,-0.612654433605183
PTN,151,3,4,0.612440591128656
CA9,151,3,4,-0.226967101556515
SLC2A1,151,3,4,-0.0675681356817311
HIF3A,151,3,2,0.414607886040511
CREG2,152,3,0,-0.609500551069117
STUM,153,3,0,0.608898023530192
CHST11,154,3,0,0.598090868691687
SCN7A,155,3,0,0.589003055907451
TEDC2,156,3,0,-0.583168108719462
SYT12,157,3,0,-0.577745234640329
FOXS1,158,3,0,-0.568726589168367
GCNT4,159,3,0,0.567755976806918
CAPN5,160,3,0,0.567362395608372
GALNT16,161,3,0,0.567342397109353
SCD,162,3,0,0.565289923855548
HOXD8,163,3,0,-0.564906599753185
ANGPTL1,164,3,0,0.553562259874148
PBLD,165,3,0,-0.553247705386262
NDRG2,166,3,0,0.55285009889536
PDCD4,167,3,0,0.552684515072036
GPR85,168,3,0,0.545540543677707
KLB,169,3,0,0.531772898066341
FXYD5,170,3,0,0.529791368423101
NEBL,171,3,0,-0.525291007569754
RIC3,172,3,0,0.521285876508069
HLF,173,3,0,0.520700363711917
ABCA10,174,3,0,0.515490906318171
LZTS1,175,3,0,0.512627095167317
AQP7,176,3,0,0.510798406558012
TMEM238L,177,3,0,0.50842283827084
HSPB6,178,3,0,0.504801821172763
ADAMTS7,179,3,0,0.504009363370015
MUSTN1,180,3,0,0.492354010785963
C2,181,3,0,-0.492186644920996
TMEM35A,182,3,0,0.483037081730149
PLIN4,183,3,0,0.482528941080689
TENM2,184,3,0,-0.47804422843161
C21orf62,185,3,0,-0.475509007164798
USP2,186,3,0,0.475021518739468
PLAAT5,187,3,0,0.468259969464186
ARG1,188,3,0,0.463280331388707
PERM1,189,3,0,0.461671910811988
RGS16,190,3,0,-0.460817513733998
TMEM132C,191,3,0,0.458786593946207
TRPV6,192,3,0,-0.452160508136261
LSAMP,193,3,0,-0.442778527061278
SMIM5,194,3,0,0.438997977754594
BSPRY,195,3,0,-0.432012592410626
C1QTNF6,196,3,0,0.4235513383425
SORCS1,197,3,0,0.423403615372252
ANXA3,198,3,0,-0.423103489786038
SELENBP1,199,3,2,0.422582326138888
TST,199,3,2,0.233203159890732
NRG1,200,3,0,-0.415474278737249
PCDH17,201,3,0,-0.415282838854112
DES,202,3,0,0.41004616319492
LDHD,203,3,0,0.407990856722888
ODAM,204,3,0,0.407803234152187
DUSP26,205,3,0,0.406043835011928
NT5DC4,206,3,0,-0.405495815219981
CFAP20DC,207,3,0,0.404810395216589
TMEM125,208,3,0,-0.400382849514251
ELFN1,209,3,0,-0.39365978277577
ADAMTS18,210,3,0,-0.389534073365972
BCL2A1,211,3,0,-0.383276708210999
MT1A,212,3,0,0.381598147937711
PDZRN4,213,3,0,0.368777383058186
PAQR5,214,3,0,0.368468647930549
C1QTNF7,215,3,0,0.366386445073237
PKNOX2,216,3,0,0.364918976492889
SLC17A9,217,3,0,-0.355051739586289
KHDRBS2,218,3,0,-0.353140895812749
ADAMTS6,219,3,0,-0.347110006944034
SEMA3D,220,3,0,-0.341409800450253
PYCR1,221,3,0,-0.334812569653651
NXPH4,222,3,0,-0.329214884049446
TMEM74,223,3,0,0.325900155314304
SUGCT,224,3,0,-0.321928757167908
CNGA1,225,3,0,0.308861014156889
PCDHB9,226,3,0,-0.305732431504451
CHODL,227,3,0,-0.293461042933648
GABRP,228,3,0,-0.279133478996829
COL28A1,229,3,0,0.268092856457204
CHRDL1,230,3,0,0.264006922973324
TCEAL2,231,3,0,0.262381344323375
HAPLN3,232,3,0,-0.261550752293055
CNTN3,233,3,0,0.248168894474174
SLC7A11,234,3,0,-0.246523748849753
TMEM61,235,3,0,-0.244995134230457
HCAR2,236,3,0,-0.243915056617633
AFF2,237,3,0,0.236766275812951
ABCA12,238,3,0,0.235351952324385
DNASE1L3,239,3,0,0.229071237736705
PAQR4,240,3,0,-0.194191903992716
DPP6,241,3,0,0.189245270151264
SFRP1,242,3,0,-0.185154149208358
PPP1R1A,243,3,0,0.163752677116229
RNF224,244,3,0,-0.149958707100558
SHISA3,245,3,0,0.147640022321777
BRINP3,246,3,0,0.145596936791031
SLC16A9,247,3,0,0.142244987863826
GPAT3,248,3,0,0.135412873381375
SPNS2,249,3,0,0.127131177397689
DEFB1,250,3,0,0.112608493082721
LAIR2,251,3,0,-0.1030336888691
GABRD,252,3,0,0.0995070613231344
MAPK4,253,3,0,-0.0881964522986522
ANXA9,254,3,0,-0.0844889208921001
KLHL14,255,3,0,0.0816866735584467
GPR176,256,3,0,-0.0356028631767081
ROS1,257,3,0,0.0332332087087989
FADS6,258,3,0,-0.0255590625419691
PRR11,259,3,0,0.0109904213064712
VAT1L,260,3,0,0.00411682194193985
