"Symbol","n","n_events","HR","HR_lo","HR_hi","pvalue","z","padj","pooled_log2FC","rem_padj","n_studies","Direction","Risk_aligned"
"UBE2C",818,219,1.55940555727923,1.44064824839096,1.68795241641348,4.10141903883149e-28,10.993619392252,2.78713664458627e-26,2.86202951401809,2.6688383349046e-21,12,"Up","Up-High risk"
"FOXM1",818,219,1.75609316789776,1.58793107187077,1.94206365059916,5.68803396854341e-28,10.9640731770938,2.78713664458627e-26,1.38299601322589,5.53810590477795e-35,12,"Up","Up-High risk"
"HJURP",818,219,1.70322381002981,1.54558136037993,1.87694509096523,6.15768181561156e-27,10.7464645200067,1.55033896546556e-25,2.76182908131444,6.70081698601265e-15,10,"Up","Up-High risk"
"PLK1",818,219,1.7641776967068,1.59062154316045,1.95667093718206,6.3279141447574e-27,10.743948050715,1.55033896546556e-25,1.23114801313456,1.28534481640192e-10,12,"Up","Up-High risk"
"BIRC5",816,218,1.58378332647427,1.45412086772769,1.72500765300044,5.01955041952998e-26,10.5511193183701,9.83831882227876e-25,2.39120297638949,1.59798736087676e-11,12,"Up","Up-High risk"
"TPX2",818,219,1.74841599813543,1.57271709107264,1.94374342333304,4.65028434737977e-25,10.3398987821715,7.59546443405363e-24,2.72653183228413,1.95551446951301e-11,12,"Up","Up-High risk"
"NUF2",816,219,1.6856411959972,1.52591205814146,1.86209043075761,8.69525171241363e-25,10.2797503709827,1.10976133291755e-23,2.2471711450017,2.73718952409569e-18,10,"Up","Up-High risk"
"CEP55",818,219,1.7094082310247,1.54324090006741,1.89346750735245,9.05927618708203e-25,10.2757967507661,1.10976133291755e-23,2.72917837477962,1.03563659836201e-08,10,"Up","Up-High risk"
"PTTG1",818,219,1.68995475037066,1.52839488990119,1.86859238876739,1.38960610565091e-24,10.234465332251,1.51312664837543e-23,2.24906549177412,3.34203318463753e-16,11,"Up","Up-High risk"
"CCNB2",818,219,1.71893122530553,1.54786404349474,1.90890444787337,4.13747801694088e-24,10.1283077400799,4.05472845660207e-23,1.76217356623151,6.98426571130335e-11,11,"Up","Up-High risk"
"AURKB",818,219,1.61888122057631,1.4742467158119,1.77770543981936,6.19775118752852e-24,10.0887117792078,5.52163287616177e-23,2.50390592361571,1.08041468103969e-10,10,"Up","Up-High risk"
"CDCA8",818,219,1.81915837608295,1.61804844610118,2.04526459343469,1.36712290231219e-23,10.0107498981573,1.11648370355496e-22,1.75415420055094,2.62909403811684e-20,11,"Up","Up-High risk"
"KIF20A",816,219,1.61991738332332,1.47364776349369,1.78070526336079,1.67850950060694e-23,9.99043063080011,1.26533793122677e-22,2.05020258820686,1.20680317353852e-23,12,"Up","Up-High risk"
"KIF2C",818,219,1.69180954460857,1.52465288819721,1.87729256763027,3.91791844708848e-23,9.90606031044402,2.74254291296194e-22,1.87897089452322,1.33254810600601e-17,12,"Up","Up-High risk"
"CDC20",818,219,1.66626225027849,1.50586845095809,1.84373999265121,4.72638786237679e-23,9.88729226952474,3.08790673675284e-22,1.62668131040962,1.51205736995779e-13,12,"Up","Up-High risk"
"KIF14",817,218,1.60048337097457,1.45665595337031,1.75851203219222,1.25172898789391e-22,9.7892890567146,7.6668400508502e-22,2.11393304093056,0.000343697495328374,6,"Up","Up-High risk"
"CCNA2",818,219,1.912861925499,1.67909815324627,2.17917025216755,1.79207266203408e-22,9.75293691902658,1.03307718164317e-21,1.29392127364801,8.62340960056053e-11,12,"Up","Up-High risk"
"CENPF",818,219,1.70837890238421,1.53305573689445,1.90375235803474,3.20812575435923e-22,9.69366274770642,1.74664624404003e-21,2.78643393388162,4.9676014309927e-15,12,"Up","Up-High risk"
"PRC1",818,219,2.09691050314671,1.80337426488025,2.43822579917929,6.35978485731182e-22,9.623549486831,3.28031008429768e-21,1.50083185499457,5.73188832334606e-16,12,"Up","Up-High risk"
"KIF4A",818,219,1.64371283669918,1.48487297944865,1.81954411382236,9.32449563804116e-22,9.58412464570543,4.56900286264017e-21,2.60249732423968,4.74819310973181e-18,11,"Up","Up-High risk"
"KIF18A",817,219,1.78053044764167,1.58031809435132,2.00610793884529,2.56293160375898e-21,9.47917834054264,1.19603474842086e-20,1.85981026062523,1.37655098803822e-10,8,"Up","Up-High risk"
"NEK2",816,219,1.61252438006779,1.45975384462676,1.78128311556383,5.02514210260132e-21,9.40865746299474,2.23847239115877e-20,2.42128112351517,2.15697876311755e-07,8,"Up","Up-High risk"
"CDK1",818,219,1.7807743686107,1.57645872162602,2.0115701783996,1.68626685499789e-20,9.28053689899725,7.18496312129534e-20,1.45048397714302,1.77153565538931e-14,11,"Up","Up-High risk"
"RRM2",818,219,1.61911334116522,1.46133350318861,1.79392863149929,3.21126054828861e-20,9.21165791875112,1.31126472388452e-19,2.1227917876784,5.76442018093072e-15,12,"Up","Up-High risk"
"KIFC1",817,219,1.78535582373075,1.57691492196704,2.02134901060687,5.65891593081636e-20,9.15065542129875,2.21829504488001e-19,2.00028202003375,1.77153565538931e-14,12,"Up","Up-High risk"
"CDKN3",818,219,1.64790207603145,1.4800621949382,1.83477509355758,7.94534363346813e-20,9.11392609200658,2.99478336953799e-19,1.56218388419226,2.60672358967258e-10,9,"Up","Up-High risk"
"NCAPH",816,219,1.69992888526791,1.51644288147309,1.9056162617619,8.65036451292683e-20,9.1047019227158,3.13976193432159e-19,2.25513631164717,2.94723572465964e-11,11,"Up","Up-High risk"
"TTK",815,218,1.64811545178263,1.47953721824865,1.83590146222882,1.13284301495991e-19,9.07537732326524,3.96495055235968e-19,2.08941255918469,1.22065310183015e-18,10,"Up","Up-High risk"
"TOP2A",818,219,1.63305706871631,1.46630305121958,1.81877503935231,4.47017488637515e-19,8.92467308666169,1.5106108236716e-18,2.88220274070548,1.29505751045608e-15,13,"Up","Up-High risk"
"BUB1B",817,219,1.60708166479441,1.44670740167946,1.78523416298288,9.17324550244608e-19,8.84475121629072,2.99659353079905e-18,2.10048434716989,7.37261726465599e-13,10,"Up","Up-High risk"
"CDCA5",818,219,1.7275463367668,1.53012467974903,1.95043997732649,1.0490331906742e-18,8.82975706576717,3.31629847374425e-18,2.03582852566675,6.47463591517273e-17,11,"Up","Up-High risk"
"NCAPG",817,219,1.715650309535,1.52171158394019,1.93430609037358,1.14823833008999e-18,8.81964435366683,3.51647988590059e-18,1.54288707442662,8.7416982286212e-23,11,"Up","Up-High risk"
"CCNB1",818,219,1.80703019367809,1.58255051804003,2.06335158571013,2.27779460754705e-18,8.74261320248477,6.76435974362456e-18,1.11119057222406,6.55175666915764e-18,12,"Up","Up-High risk"
"BUB1",817,219,1.53872810084895,1.39687300405698,1.69498885114515,2.47940815527148e-18,8.73302930641851,7.14652938872368e-18,2.78836446286773,4.56670899669028e-13,10,"Up","Up-High risk"
"ASPM",818,219,1.49828238327208,1.36658608787493,1.64267009589878,7.10114946849251e-18,8.61326048764134,1.9883218511779e-17,2.95635266534283,5.76831752471349e-10,10,"Up","Up-High risk"
"KIF11",818,219,1.73022555505067,1.5247618955742,1.96337571134215,1.89089226947077e-17,8.50030743970807,5.14742895578155e-17,1.48642699793892,2.81632396321211e-15,12,"Up","Up-High risk"
"NDC80",817,219,1.67079477853027,1.48021041903192,1.8859178101109,9.85306885597708e-17,8.30654281267541,2.60973175104258e-16,1.85300857069558,9.22616444095325e-14,10,"Up","Up-High risk"
"CENPE",818,219,1.55246093200137,1.39922113413976,1.72248323484071,1.0849542469588e-16,8.29509832764196,2.79803990005164e-16,2.18396719393333,1.10632222405021e-10,10,"Up","Up-High risk"
"DLGAP5",818,219,1.49346899148841,1.35696031094843,1.64371029170225,2.37523349057021e-16,8.20144054840204,5.96853543784309e-16,2.86054415634633,6.60087744528661e-10,10,"Up","Up-High risk"
"AURKA",818,219,1.79111596073586,1.55758811009365,2.0596564419138,2.90762660512678e-16,8.17709752951796,7.12368518256062e-16,1.08754386619958,4.94611989614297e-10,13,"Up","Up-High risk"
"HMMR",818,219,1.53059592823014,1.38046645659544,1.69705238712747,6.41103892208134e-16,8.08124210178199,1.53239466918042e-15,1.31830114848416,1.87787123053223e-05,10,"Up","Up-High risk"
"EXO1",818,219,1.53307168690442,1.38138242929596,1.70141790379209,9.15141523940378e-16,8.03773516532965,2.13533022252755e-15,2.09781986251128,4.22665130086587e-11,8,"Up","Up-High risk"
"CDC6",818,219,1.68610803862916,1.48234076573845,1.9178858084724,1.86907450271629e-15,7.94973728882081,4.25975119223713e-15,2.25029263698873,8.42391976234436e-12,11,"Up","Up-High risk"
"MELK",817,219,1.62414763067428,1.43928608306075,1.83275274962381,3.64853532598647e-15,7.86644757030468,8.12628322606076e-15,2.63874646723048,1.02054420508913e-13,10,"Up","Up-High risk"
"MKI67",818,219,1.54129945497999,1.38325806589099,1.7173975475006,4.58347877160787e-15,7.83784401720877,9.9817982137238e-15,2.7754515222904,2.79614224382565e-12,12,"Up","Up-High risk"
"KIF15",814,219,1.48541465454933,1.3453805990848,1.64002416673086,4.78450019993587e-15,7.83245091276393,1.01930656433416e-14,1.89861152332392,2.21434726439764e-11,9,"Up","Up-High risk"
"MCM10",817,218,1.55034786557981,1.38841296960268,1.7311697289861,6.68815720653263e-15,7.79024086892371,1.39455192817063e-14,2.29372946366957,1.15250709439478e-05,8,"Up","Up-High risk"
"NUSAP1",818,219,1.77262259873188,1.52516650166009,2.06022809582743,8.504426446112e-14,7.46227018803468,1.73632039941453e-13,2.05199030800062,2.52248807194924e-18,12,"Up","Up-High risk"
"PBK",817,219,1.48461851306024,1.33320284969831,1.65323088667263,6.03566841161152e-13,7.19967401250262,1.20713368232230e-12,2.15614154141263,8.75174283082991e-06,9,"Up","Up-High risk"
"RAD51",818,219,1.63654552466011,1.4305722755923,1.8721747233471,7.10500978080183e-13,7.17739902173256,1.39258191703716e-12,1.46227171049245,2.43004259602388e-15,11,"Up","Up-High risk"
"CDC45",818,219,1.45421228916549,1.30570505454541,1.6196103205683,9.53862072788909e-12,6.81329808372518,1.83291143398653e-11,2.30802704429907,2.24632723642409e-07,10,"Up","Up-High risk"
"CD44",818,219,1.41143107144464,1.26551701788698,1.57416900862037,6.03816835131622e-10,6.18943124270004,1.13796249697883e-09,1.30015300147531,5.20829887497811e-08,13,"Up","Up-High risk"
"FOXP3",813,219,1.26982157194226,1.17659545548065,1.37043434687687,8.2481050235798e-10,6.14007784633447,1.52512130624683e-09,1.19808245483899,2.53620207800598e-10,12,"Up","Up-High risk"
"RACGAP1",818,219,1.63456924840941,1.38721862138708,1.92602419449513,4.36683611978926e-09,5.86966232855309,7.92499888406198e-09,1.05960361714814,9.71318161525867e-18,12,"Up","Up-High risk"
"GAPDH",818,219,1.75956095697207,1.45452995307967,2.12856033301012,5.98071650608657e-09,5.81729604809724,1.06565494108452e-08,1.08732807361537,5.12373056198221e-10,13,"Up","Up-High risk"
"MAD2L1",818,219,1.57726277609185,1.35238654390252,1.83953166057551,6.38381122092399e-09,5.80637967273568,1.1171669636617e-08,1.3970409035879,7.58838628504425e-17,11,"Up","Up-High risk"
"TGFB1",818,219,1.52395156757695,1.3215292847322,1.75737942938653,6.8723549767716e-09,5.79401443007795,1.18156278548003e-08,1.50558994622751,6.03536078056043e-07,12,"Up","Up-High risk"
"SPAG5",818,219,1.33773727914106,1.21164104836883,1.47695642237683,8.38777214822547e-09,5.76047466210982,1.41724425952775e-08,-1.5116978692322,0.0010393586628209,13,"Down","Down-High risk"
"GZMB",816,218,1.23761908494999,1.1444795068629,1.33833851130366,9.26536713351846e-08,5.34057219176746,1.53899318488951e-07,1.89716036879075,1.52892844022484e-07,10,"Up","Up-High risk"
"FN1",818,219,1.23600614495243,1.14282117146304,1.33678936697017,1.17064096210197e-07,5.29802163915843,1.91204690476655e-07,2.04699985076041,1.22234063383051e-07,13,"Up","Up-High risk"
"CTLA4",806,217,1.21962885647256,1.13191807236328,1.3141362293429,1.84707982713721e-07,5.2141038419203,2.96743972228601e-07,1.69938914629931,0.000781287749252373,8,"Up","Up-High risk"
"ZWINT",818,219,1.64358203504552,1.35536618435173,1.99308639769291,4.39525762867955e-07,5.05099013931964,6.94734270339671e-07,1.01122033626907,4.93828322486076e-54,12,"Up","Up-High risk"
"CCL5",818,219,1.22015735321693,1.12682348021438,1.32122199506003,9.54399168586981e-07,4.9008149601834,1.48462092891308e-06,2.30444210798262,8.61548697936113e-08,12,"Up","Up-High risk"
"CD80",806,218,1.24188473134717,1.13819203209313,1.35502414572082,1.11751239907533e-06,4.86972929288292,1.71119086108409e-06,2.1271819854328,1.27101300776843e-05,6,"Up","Up-High risk"
"MMP9",818,219,1.13761825285061,1.07413593573739,1.20485242710963,1.07710431978366e-05,4.4010859760237,1.62394189751998e-05,2.76738258661295,8.12476822372786e-07,11,"Up","Up-High risk"
"CXCR3",815,218,1.17101461038795,1.08653720966079,1.26206006158789,3.58827746259578e-05,4.13250705697874,5.3280483535513e-05,2.00842173697231,4.7356757506451e-09,11,"Up","Up-High risk"
"CD27",818,219,1.15275136580345,1.07695539889753,1.23388184201688,4.19595512766126e-05,4.09641607050976,6.13736720165378e-05,1.15661761915502,5.79816324558609e-11,12,"Up","Up-High risk"
"FCGR3A",818,219,1.20741236022588,1.10252112417388,1.3222826988631,4.80648021572699e-05,4.06484301666359,6.92698619325361e-05,3.05551616895264,7.22485711029585e-11,12,"Up","Up-High risk"
"CXCL10",818,219,1.12664001073124,1.06202161001482,1.19519009953363,7.59857428352069e-05,3.95672052028762,0.00010792177967899,2.46052605487844,5.27692242123278e-07,11,"Up","Up-High risk"
"MYC",818,219,1.2880473737723,1.13529168585671,1.46135663437874,8.4928913135972e-05,3.93004797865557,0.000118900478390361,1.25519582375211,0.000100751396018534,12,"Up","Up-High risk"
"CXCR4",818,219,1.23312537948563,1.10854303862764,1.37170876415773,0.0001151264400569,3.85627824383205,0.000158906917261637,2.28466006994565,1.5133044683775e-12,13,"Up","Up-High risk"
"BRCA1",818,219,1.43242195397413,1.19215490771224,1.72111245019707,0.000124943118580011,3.83621877209858,0.000169502791192498,1.12983754564602,6.56591693683185e-13,13,"Up","Up-High risk"
"CD8A",818,219,1.13320334128276,1.0630231443132,1.20801679583757,0.000126262283235228,3.83363728029546,0.000169502791192498,2.66853541620301,1.05068274810479e-07,12,"Up","Up-High risk"
"CD3E",818,219,1.16232519953802,1.07387921162467,1.25805570575965,0.000195240107923596,3.72509703163436,0.000258561224006924,2.00960198943376,1.16631433775267e-06,12,"Up","Up-High risk"
"CD247",818,219,1.18664075369808,1.08297813979881,1.30022594786517,0.000243372704321529,3.66913483058091,0.000318007000313465,1.85052927640792,6.65877361018805e-07,12,"Up","Up-High risk"
"LCK",818,219,1.16109683707586,1.06734234405921,1.26308664935042,0.000506833460548944,3.4771186580559,0.000653548409655217,1.56015662157448,8.81736886865426e-05,12,"Up","Up-High risk"
"CD2",818,219,1.14490547698575,1.05786822926078,1.23910380799311,0.000795140262058916,3.35448095584187,0.00101199669716589,2.13359391929561,2.36455035819098e-08,12,"Up","Up-High risk"
"ITGAX",818,219,1.17603162444219,1.05092036071065,1.3160372882612,0.00472210479570896,2.82540391686393,0.0059329008971728,2.05806252267201,1.58377922438041e-09,12,"Up","Up-High risk"
"CD28",817,219,1.14125675690382,1.03808440842673,1.25468312076141,0.00627396058159866,2.73310878924045,0.00778288781008441,1.12609943460603,1.03355559659707e-05,11,"Up","Up-High risk"
"CCR5",818,219,1.11455657592618,1.02438335624283,1.21266745830045,0.0117476354620816,2.51963568144033,0.0143908534410499,2.45064483291766,1.19513598661397e-08,12,"Up","Up-High risk"
"PTPRC",818,219,1.11821319554659,1.01885011491144,1.22726663362373,0.018608248592344,2.35328733664225,0.0225136834820953,1.78156878361725,1.19909285592882e-10,13,"Up","Up-High risk"
"CCR7",816,219,1.11055864853903,1.01443517100176,1.21579036995228,0.0231926927098756,2.27024548411666,0.0277180961654611,1.08039032227077,0.000701779003035247,11,"Up","Up-High risk"
"TLR2",818,219,1.15959733045746,1.01498087352769,1.32481902257973,0.0293495494916549,2.17875935957995,0.034653684941954,1.42486755965762,1.34279573010595e-08,13,"Up","Up-High risk"
"ITGAM",818,219,1.14119924549086,1.01000191720912,1.28943885721284,0.0340328328758939,2.11968246338565,0.0397049716885429,1.64152310498151,4.11415064421562e-09,12,"Up","Up-High risk"
"CD40",818,219,1.18121953176691,1.00514269382606,1.38814079911034,0.043150794708703,2.02224744806192,0.0497503280170928,1.1492591369872,6.46574886839178e-05,12,"Up","Up-High risk"
