ID,Description,setSize,enrichmentScore,NES,pvalue,p.adjust,qvalue,rank,leading_edge,core_enrichment
hsa04145,Phagosome,142,0.600704804826093,2.01626636307127,6.75641681451316e-09,2.38501513552314e-06,1.66421214168008e-06,4026,"tags=61%, list=25%, signal=46%",10381/9296/8992/9550/3118/526/7846/1514/10376/3693/7058/23480/8685/3105/7099/7097/1311/4360/3127/3120/79659/51606/529/811/929/9902/715/7277/64581/9114/4481/5878/1536/60/9341/3688/527/4973/4074/537/4688/338382/3673/5869/2214/2213/3685/7057/3106/3684/2215/1778/81035/71/22925/3689/84790/523/3107/3122/7879/3920/6890/1780/3123/528/3135/653361/3117/533/2212/203068/3108/3133/3119/3109/3134/3113/5879/3115/718/3678/6891/51382/10383/9103
hsa05323,Rheumatoid arthritis,85,0.64616776353465,2.03198894086817,4.64481516715659e-08,8.19809877003137e-06,5.72045657428758e-06,3852,"tags=59%, list=24%, signal=45%",9296/941/8992/9550/4314/3118/6364/526/1514/10673/3383/1513/7099/7097/3127/3120/51606/529/2321/940/6348/9114/1435/527/3576/3552/537/3589/2921/942/6374/3689/523/3122/3123/528/3117/533/7422/3108/8600/3119/1493/3109/414062/3113/4312/3115/7043/6347
hsa04612,Antigen processing and presentation,63,0.626034542100353,1.88330855574098,2.29778241315298e-05,0.0021674704163113,0.00151241412678349,3939,"tags=60%, list=25%, signal=45%",3118/1514/1385/3105/3308/3127/3120/5641/1508/811/3310/920/567/10437/3106/3305/3320/972/3107/3122/6890/3123/3135/3117/2923/3824/5993/3108/10197/3133/3119/3109/3134/3113/3115/3326/3306/6891
hsa04380,Osteoclast differentiation,129,0.533368225922974,1.77112892720596,2.45605712896464e-05,0.0021674704163113,0.00151241412678349,4579,"tags=51%, list=29%, signal=37%",5530/7046/10379/1540/488/1385/3726/1513/23547/11027/140885/7186/2534/4982/3708/7305/2274/11024/9021/10859/6773/1435/11006/3552/695/4688/1436/54209/2214/2213/79168/3455/3937/2885/6688/2215/10288/5971/814/11025/8651/6772/653361/5534/2212/8600/6885/5879/7132/5970/5468/8061/4790/353514/9103/3454/2355/2209/3716/7297/126014/5295/10326/4689/10000/4286
hsa00670,One carbon pool by folate,39,-0.698581945467,-2.1368545187591,8.34640020180607e-05,0.00279534656086837,0.0019505325637191,2881,"tags=59%, list=18%, signal=48%",10840/1738/4522/10797/29958/4548/501/4144/107080644/635/4143/160428/27232/102724560/100528021/200895/1757/2731/875/10588/275/55349/1491
hsa00280,"Valine, leucine and isoleucine degradation",47,-0.641652631424386,-2.04658385365836,8.71071166276264e-05,0.00279534656086837,0.0019505325637191,2984,"tags=62%, list=19%, signal=50%",587/3033/3032/1738/223/1962/586/549/34/30/501/3158/5096/3030/3712/1629/35/224/593/36/4594/316/38/26275/56922/18/4329/27034/5095
hsa04518,Integrin signaling,147,0.520370438927769,1.75940657007251,4.08282716538755e-05,0.00279534656086837,0.0019505325637191,3859,"tags=44%, list=24%, signal=34%",5228/3910/5159/1284/1278/3693/1277/7058/8515/7424/2335/3383/22801/2243/7450/87/1311/3672/1292/1282/896/2321/2324/7412/3687/3674/60/3688/1291/1293/2200/3987/29780/3673/1287/3685/7057/3684/3912/2316/3675/3915/71/7094/9459/63923/3689/83706/3918/3913/6696/3082/3371/5881/1499/7422/5156/64098/3681/3911/5879/2932/718/5155/3678
hsa05162,Measles,118,0.529795146719252,1.74282936266282,7.0047959500513e-05,0.00279534656086837,0.0019505325637191,4586,"tags=52%, list=29%, signal=37%",4600/10379/4599/4940/29110/7099/7097/355/637/868/4939/3718/4938/896/3559/940/4478/3310/6773/6774/3552/2213/317/898/1457/3455/3305/283106/7187/9641/103/7128/54205/51209/6772/8772/5610/6776/64135/915/6885/4793/5970/2932/3561/51284/3560/4790/4615/8717/3454/3303/30835/6777/3654/3716/7297/3304/5295/10000/598
hsa04514,Cell adhesion molecule (CAM) interaction,148,0.510530331552034,1.72764206875069,6.51739977930101e-05,0.00279534656086837,0.0019505325637191,3773,"tags=41%, list=24%, signal=31%",941/57555/3118/23308/102723996/3383/9379/5010/3105/4685/57689/29851/80381/3127/3120/1462/139065/57502/6614/5175/940/1001/7412/920/3688/90952/1272/9069/3685/22854/6404/9672/3106/3684/1000/1003/80380/942/5819/3689/6403/22829/3107/3122/5797/83692/3123/4267/3135/3117/5133/923/3108/3133/3119/1493/3109/3134/3113/3115
hsa05169,Epstein-Barr virus infection,187,0.485962499593135,1.69294816437744,5.03771688846785e-05,0.00279534656086837,0.0019505325637191,3975,"tags=42%, list=25%, signal=32%",7979/10379/9636/3118/4940/10213/3383/29110/3105/7097/355/8819/637/7186/5706/3127/3120/4939/3718/1871/4938/896/811/5701/5925/953/3627/5717/5709/567/6773/6774/695/317/898/3106/3455/3516/7187/9641/5707/5971/1647/7128/864/54205/9612/3107/3122/7431/6772/51426/4794/8772/5714/5610/6890/3123/3135/5704/3117/2923/3108/915/6885/3133/3119/3109/3134/3113/5708/5879/4793/5970/3115/4790/4615/6891/8717
hsa04820,Cytoskeleton in muscle cells,204,0.472958560313022,1.65876652317606,8.10396938501506e-05,0.00279534656086837,0.0019505325637191,2989,"tags=35%, list=19%, signal=29%",255631/272/1289/1284/6709/1278/2199/633/1281/1290/3693/1277/7058/8515/2335/8572/22801/6443/9260/1311/7138/3672/1301/1462/1292/1282/2023/2026/4811/2274/3339/6444/10398/8735/832/3674/60/3688/1291/1293/79188/2200/10611/27063/2201/3673/1287/2275/3685/27295/22795/9672/7171/4607/7057/1634/84823/3675/7791/7169/5339/71/7094/81624/64236/165904/91010/4619/7431/830/7136/4622
hsa05330,Allograft rejection,31,0.703252286194187,1.89115673553456,0.000171885606992394,0.00505630160569292,0.00352817824879124,3773,"tags=74%, list=24%, signal=57%",941/3118/3105/355/3127/3120/940/3106/3586/942/3107/3122/3123/3135/3117/3108/3133/3119/3109/3134/3113/3002/3115
hsa01210,2-Oxocarboxylic acid metabolism,29,-0.700810396817507,-2.04790403118803,0.000215167093783946,0.00557984847699842,0.00389349796814561,2984,"tags=45%, list=19%, signal=36%",587/1738/586/2805/50/1629/48/593/84706/5160/3418/2875/55526
hsa05332,Graft-versus-host disease,32,0.695497883133233,1.87652279545065,0.000221297106736481,0.00557984847699842,0.00389349796814561,3773,"tags=75%, list=24%, signal=57%",941/3118/3105/355/3127/3120/940/3552/3106/942/3107/3122/3123/3135/3117/3824/3108/3133/3119/3109/3134/3113/3002/3115
hsa04142,Lysosome biogenesis,242,0.448471513446347,1.60202813999148,0.000239518206724323,0.00563666179824574,0.00393314107884152,3232,"tags=38%, list=20%, signal=31%",9296/8992/9550/24141/57192/3073/526/2717/1514/5660/28962/1513/26175/1200/8907/51699/26258/282991/1213/1175/51606/2799/529/1173/5641/121260/1508/6556/1211/5538/57617/163/51296/2588/2548/4126/160/23659/411/9114/7030/10947/120103/55315/527/1174/4074/537/130340/967/64121/5476/3423/4668/7942/55004/27072/6609/8692/127829/55330/9842/427/23557/7805/1212/10577/10670/950/51311/2720/57707/114879/1777/54832/1509/1519/8218/9741/968/1522/26503/1201/523/3074/138050/7879/3920/55207/79036/27074/528/4864
hsa04621,NOD-like receptor signaling pathway,150,0.490883114094854,1.66442457848145,0.000255741730578803,0.00564230193089484,0.00393707664180526,3961,"tags=40%, list=25%, signal=30%",643246/10379/91662/4940/84168/29110/340061/7099/81631/7186/4939/10392/11345/4938/1508/51393/24145/64170/3708/5332/1536/6773/3576/3428/2921/22861/3455/118429/7226/7187/9641/387/3320/7128/64127/148022/6772/10135/8772/115361/2634/63940/5330/2633/8767/6041/6885/114548/4210/10616/4793/5970/11337/3326/6347/9140/331/4790/4615/5585
hsa05416,Viral myocarditis,64,0.59210994999344,1.78760444907071,0.000311293786739157,0.00646392392464249,0.00451038675522989,3928,"tags=61%, list=25%, signal=46%",941/3118/3383/6443/3105/637/2534/3127/3120/1982/1604/940/6444/60/3106/8672/27/71/942/3689/54205/3107/3122/3123/3135/3117/5881/3108/8082/3133/3119/6442/3109/6645/3134/3113/5879/3115/25
hsa04972,Pancreatic secretion,86,-0.523208474323307,-1.88659512079354,0.000344774196257082,0.00676140507104167,0.00471796268562323,1597,"tags=41%, list=10%, signal=37%",440387/3709/1504/1357/5408/5406/5644/1360/3784/487/23436/5319/63036/279/51032/10136/476/1056/5407/5645/1506/1358/6344/1080/6343/278/276/81579/1131/277/5646/23236/8671/280/9545
hsa04950,Maturity onset diabetes of the young,24,-0.742217610288736,-2.06092476974085,0.000436451170103097,0.00725360138554173,0.00506140666234312,2578,"tags=62%, list=16%, signal=52%",3170/6514/6928/3174/5313/3175/3375/3172/3651/3087/2494/6927/3110/168620/3171
hsa00640,Propanoate metabolism,30,-0.684005672920116,-2.00780862486516,0.000422485035507332,0.00725360138554173,0.00506140666234312,3066,"tags=63%, list=19%, signal=51%",55862/51/1738/8801/1962/32/5096/3030/8802/1629/35/593/23417/4594/26275/84532/18/4329/5095
hsa05150,Staphylococcus aureus infection,62,0.592957791950196,1.7765856369738,0.000414398672005497,0.00725360138554173,0.00506140666234312,4026,"tags=69%, list=25%, signal=52%",3118/3861/728/3383/3127/3120/715/712/2214/2213/717/2357/3868/6404/721/716/3684/3872/714/3586/2215/713/2359/3689/5724/6403/719/3122/3123/3860/25984/3866/3117/2212/3108/3075/3119/3109/3113/3115/718/720/9103
hsa05322,Systemic lupus erythematosus,121,0.505140486591365,1.66752119141466,0.000452065808730646,0.00725360138554173,0.00506140666234312,4897,"tags=63%, list=31%, signal=44%",941/3118/440093/6632/87/3127/3120/940/715/92815/3015/128312/712/8348/3018/2214/717/721/716/9555/714/3586/2215/6628/713/8969/8331/8359/942/8970/3014/8357/8342/8363/3122/8340/8332/8362/3123/126961/3012/3117/333932/2212/3108/3119/3109/8346/6741/3113/8337/3115/8352/718/653604/440686/8344/8361/720/723790/8329/8347/2903/8368/8339/94239/2209/8350/8336/8334/85235/8294/8358/8354/3111/6737
hsa05140,Leishmaniasis,71,0.558316158689971,1.70762627426487,0.000521399596975169,0.00800235033618412,0.00558386753739998,4542,"tags=63%, list=29%, signal=45%",3118/65108/7099/7097/3127/3120/5743/2002/1536/3688/3552/4688/2214/3717/3684/3586/2215/3689/3122/6772/3123/653361/3117/2212/3108/6885/3119/5777/3109/3113/4793/5970/3115/7043/718/4790/4615/9103/1378/1917/3654/2209/3716/4689/3676
hsa04217,Necroptosis,137,0.479299521874134,1.60692976888043,0.000623018941069798,0.00916357025823494,0.00639414176361108,4614,"tags=42%, list=29%, signal=30%",10379/1540/353376/7099/51510/355/637/7186/3718/92815/3015/5836/1536/6773/6774/3552/3717/57132/9555/815/6609/3455/2512/8969/3320/7128/8331/3014/148022/817/6772/8332/8772/5610/6776/5834/3012/114548/8605/10616/8337/7132/824/3326/331/8717/723790/5478/8329/3454/6777/94239/197259/3716/7297/8336/8334/85235
hsa00630,Glyoxylate and dicarboxylate metabolism,27,-0.699699954664666,-2.00439090202262,0.000669754865660257,0.00916515604800792,0.00639524829352573,2161,"tags=56%, list=14%, signal=48%",1738/132158/112817/5096/847/50/48/4594/2731/38/125061/81888/275/84532/5095
hsa00785,Lipoic acid metabolism,18,-0.768004150540965,-1.97217894168114,0.000675053986538827,0.00916515604800792,0.00639524829352573,1380,"tags=44%, list=9%, signal=41%",1629/387787/593/5160/2731/275/116285/55526
hsa05202,Transcriptional misregulation in cancer,166,0.462115900638933,1.58539097585181,0.000738105963424604,0.00952391548179274,0.00664558289172358,4997,"tags=49%, list=32%, signal=34%",1655/55589/4314/4318/440093/3486/861/5914/2115/3206/862/597/7490/929/2321/4208/5371/1848/7030/5328/7850/7185/3576/1436/6935/3684/8148/6688/1051/860/1647/100532731/4914/4149/942/8357/4086/6760/51426/2078/2120/466/126961/51513/2521/85414/333932/648/4005/904/8861/4066/3002/5970/8352/5468/3560/653604/440686/4300/4790/5327/7849/2209/8350/9915/5546/6929/51804/4286/598/5966/3398/890/8358/4291/8354/221037/3065/4094/8013
hsa04519,Cadherin signaling,332,0.404767711801668,1.47520328631418,0.000755438055213022,0.00952391548179274,0.00664558289172358,3798,"tags=35%, list=24%, signal=27%",1012/8321/7533/5159/10186/3861/56129/10095/8313/1009/7532/1452/5099/81873/87/57551/1004/342184/3854/6324/57717/7484/5317/26025/8936/144165/1001/286887/2324/56110/3845/3853/83464/6093/51176/56127/54798/10092/60/5098/3071/56126/2535/56103/7529/3868/56099/56130/56109/51294/55845/9708/2195/120114/55851/3872/56122/7003/22808/8324/60437/1000/79633/1003/387/11211/1825/54510/56125/10109/10093/2697/71/56098/1951/4643/56107/8642/56134/92597/56097/56105/7409/7431/8777/56114/1830/10096/64005/7472/57575/3860/25984/3866/56133/79905/56113/56100/5881/1499/56106/5156/56102/102/56124/9620/10097/51474/166336/5097/8641/5879/10094/5970/2932/56108
hsa03250,Viral life cycle - HIV-1,65,0.563149496770703,1.70421623237064,0.000826118598629705,0.0100558574246995,0.00701676051104723,1468,"tags=23%, list=9%, signal=21%",4600/4130/684/4599/5901/9638/4131/60489/636/10955/7852/200316/23299/27125/920
hsa05131,Shigellosis,237,0.42540774917828,1.51385895031149,0.000866814348329176,0.0101995154986733,0.0071170020178606,4593,"tags=42%, list=29%, signal=30%",643246/989/440093/10095/29110/340061/7099/81873/9181/3099/81631/87/7186/10892/3098/10392/7321/929/3708/8936/10801/23176/5332/9978/6093/7335/10092/10398/6500/60/3688/3576/8454/23157/7316/3101/64121/115004/7322/23048/7323/7100/10670/387/382/7336/10109/10093/71/7094/8357/54205/5217/10096/826/89869/375189/113026/9265/126961/55964/333932/5330/55752/8767/6885/5216/9266/10097/114548/10616/5879/7132/10094/4793/5970/2932/824/8352/718/3678/653604/9140/440686/4790/4615/8717/7334/55062/27128/11335/998/3059/8350/5295/10552/10000/2017/598/831
hsa00982,Drug metabolism - cytochrome P450,52,-0.582091609175213,-1.89462824459785,0.000897483605727349,0.0102197326716695,0.00713110912530389,1983,"tags=44%, list=13%, signal=39%",7366/126/7367/1557/2949/4128/1576/1571/1565/1564/125/79799/124/2938/7364/1577/2946/2330/316/119391/2939/2941/2947
hsa05205,Proteoglycans in cancer,189,0.441393786000907,1.53772174839333,0.00100597988607833,0.0110972156183016,0.00774339780731346,2411,"tags=25%, list=15%, signal=22%",7291/1655/10818/8321/4318/10855/1278/7074/1514/3693/1277/1839/2335/3091/4060/7099/7097/355/3316/7484/286/4478/4659/3708/5329/3845/3339/6093/5328/4313/2002/60/3688/6774/967/3673/2535/3685/5566/7057/1634/815/2316/22808/2885/8324/387/11211
hsa05167,Kaposi sarcoma-associated herpesvirus infection,169,0.451277774584931,1.55182532717481,0.00116274610087564,0.0124378598063363,0.0086788704180191,4201,"tags=40%, list=27%, signal=30%",643246/5530/10379/4776/1385/2790/3383/3091/29110/2783/3105/355/81631/637/7186/1871/5925/3708/5743/3845/51176/6773/6774/3576/7316/2921/3717/1233/3106/3455/7187/9641/942/57580/148022/7538/2793/54205/3055/3107/54331/4277/6772/9976/8772/5610/3135/5534/1499/7422/3133/1230/23533/3134/5879/7132/5970/2782/2932/718/146850/5155/4790/8717/1234/131450/2787/3454
hsa04940,Type I diabetes mellitus,37,0.642294006496882,1.78000916541832,0.00128431130086401,0.0124928968682329,0.00871727409323542,3773,"tags=65%, list=24%, signal=50%",941/3118/3105/355/3127/3120/940/3552/3106/942/3107/3122/3123/3135/3117/3108/3133/3119/1363/3109/3134/3113/3002/3115
hsa04146,Peroxisome,79,-0.498890667782265,-1.77032567280842,0.00130192775357958,0.0124928968682329,0.00871727409323542,3122,"tags=39%, list=20%, signal=32%",92960/51/215/8309/83594/1962/3295/6342/8800/5825/30/26061/5195/847/283927/4843/26063/25961/51555/10901/5190/2053/23417/5189/5827/255027/3418/1384/5192/10455/5191
hsa04611,Platelet activation,117,0.479489737289067,1.57407982430411,0.00130945377938985,0.0124928968682329,0.00871727409323542,2687,"tags=29%, list=17%, signal=24%",2771/1278/1281/1277/2243/2207/5742/6915/7450/2534/4846/109/10672/4659/3708/2776/5332/6093/3674/4638/60/3688/695/6916/3673/2983/5566/3937/387/2770/71/7094/2149/83706
hsa05165,Human papillomavirus infection,299,0.40424036805732,1.46613478294381,0.00126972056054414,0.0124928968682329,0.00871727409323542,2411,"tags=24%, list=15%, signal=21%",9296/4600/8992/9550/10379/9636/8321/3910/5159/1284/4599/8638/4854/5315/1278/526/8313/3693/1277/7058/1385/8515/2335/22801/29110/3105/1452/355/7450/1311/3672/3996/1292/51606/1282/7484/529/896/5925/6009/5743/3845/5529/9114/3674/6773/3688/1291/527/1293/537/5521/10474/3673/1287/2535/3685/5566/7057/898/3106/5515/3912/3455/2885/8324/3675/3516/7187/9641/3915/11211
hsa05168,Herpes simplex virus 1 infection,158,0.455699335141109,1.55582853575633,0.00136285409799236,0.0126601972787185,0.00883401271274829,4586,"tags=48%, list=29%, signal=35%",10379/3118/684/4940/29992/29110/340061/3105/7097/355/637/7186/3127/3120/4939/4938/811/64170/5371/6009/10189/9021/567/25833/6773/3717/317/56829/3106/115004/3455/7187/9641/148022/5819/54205/972/3107/3122/6772/8772/5610/6890/3123/64135/3135/3117/2923/5781/3108/6041/6885/3133/3119/3109/3134/3113/7132/5970/3115/718/6347/3678/4790/4615/6891/8717/3054/3454/3654/3716/7297/5295/10000/6892/598
hsa05166,Human T-cell leukemia virus 1 infection,210,0.426199465493553,1.49557918016792,0.00150983851669255,0.0136659742664736,0.00953582221068979,4659,"tags=43%, list=29%, signal=31%",1029/1959/5530/7046/4488/3118/4776/996/5901/1385/3383/3105/3127/3120/3718/1871/109/896/3559/811/5925/6513/3845/4085/9232/920/567/7850/2002/64784/8697/51434/2113/5566/9184/898/3106/6688/5971/7094/4055/7538/3689/200186/3107/3122/4087/115650/4487/6776/3123/6722/3135/3117/23373/5534/3108/915/3133/3119/3109/113/3134/55697/3113/7132/5970/3115/7043/3561/3560/8829/8379/331/8061/4790/2114/4215/6777/3716/1030/5295/108/6929/10000/598/5423/890/1869/3554
hsa00980,Metabolism of xenobiotics by cytochrome P450,54,-0.560151794996006,-1.85127536177932,0.00161884573167583,0.0142863135820392,0.00996868161084588,1781,"tags=33%, list=11%, signal=30%",1576/1571/1565/1564/125/79799/124/2938/7364/1577/2946/2052/246181/119391/2939/22977/2941/2947
hsa05152,Tuberculosis,155,0.455089112613757,1.54794261660188,0.00182228633154203,0.015689440854496,0.0109477535707532,4026,"tags=47%, list=25%, signal=35%",5530/3118/1385/2207/7099/7097/637/4360/10892/3127/3120/51606/929/9902/64170/64581/9114/3687/5878/527/3552/537/5869/2214/2213/3717/317/3656/3684/815/3586/2215/7421/1051/387/64127/22925/1509/3689/54205/972/817/3122/6772/7879/8772/3920/8877/4046/3123/1263/3313/3587/3117/533/5534/8767/2212/5993/3108/3119/3109/3113/7132/7096/5970/3115/7043/718/4790/4615/8717/9103
hsa05110,Vibrio cholerae infection,47,0.576838452642491,1.66972418940602,0.00204027119097481,0.0170750758179183,0.0119146197745427,1922,"tags=32%, list=12%, signal=28%",9296/8992/9550/526/23480/51606/529/109/30001/9114/60/527/537/11014/5566
hsa05200,Pathways in cancer,472,0.369761083035295,1.37704132443592,0.0020799667426926,0.0170750758179183,0.0119146197745427,3936,"tags=33%, list=25%, signal=26%",5228/1029/2771/2252/7046/8321/3910/4318/5159/1284/54567/4854/5366/112398/8313/7424/2335/2790/3091/861/2783/5914/1164/355/2736/637/374654/2737/7186/1909/862/7296/3718/1871/1282/7484/109/10672/896/3559/112399/7852/5925/2735/2776/5371/5332/6513/9978/2324/5743/6921/3845/6093/51176/8643/4313/6500/7185/3674/2002/6773/3688/57449/675/6774/3576/1438/2246/8454/2113/1436/3673/1287/2535/3717/3685/5566/317/5900/898/1613/815/3912/8817/3455/332/5467/183/2885/8324/1163/3675/6688/2768/6789/25780/7187/3915/387/11211/3320/1647/2770/5898/4914/9817/4149/2149/2793/54205/3597/817/3918/54331/1441/4087/6772/51426/8772/7472/3913/3082/6776/8202/3566/613/5330/5338/5881/1499/624/7422/1439/5156/652/3911/650/113/2773/4855/9446/5879/4312/5970/2782/2932/3162/7043/3326/5468/3561/5155/3560/331/25/4790
hsa05320,Autoimmune thyroid disease,34,0.617441576552838,1.68570612894001,0.00213123717510807,0.0170983346093897,0.011930849257782,3773,"tags=74%, list=24%, signal=56%",941/3118/3105/355/3127/3120/7038/940/3106/3586/942/3107/3122/3123/3135/3117/3108/3133/3119/1493/3109/3134/3113/3002/3115
hsa04080,Neuroactive ligand-receptor interaction,208,-0.371291397018134,-1.50686768027739,0.0022807437616443,0.017891167730232,0.0124840711163688,1579,"tags=25%, list=10%, signal=23%",6750/1901/130574/116444/89832/1815/5026/3972/1146/134/6865/5729/80763/2570/23566/10316/7442/5618/1395/57053/2740/5644/150/1139/255061/3375/1910/27346/5645/6344/6343/1131/5023/7434/5646/2916/554/1133/1140/7253/170589/7068/727/79924/100996758/5540/5734/887/5025/51738/2741/2925
hsa05144,Malaria,44,0.581430911481299,1.66952254041027,0.00320596758762457,0.0246023164876407,0.0171669660298432,5491,"tags=57%, list=35%, signal=37%",7058/3383/7099/7097/1311/4035/5175/7412/3576/7057/3586/3689/6403/3082/7043/6347/4615/1378/6382/975/7040/6401/7042/3553/6383
hsa00260,"Glycine, serine and threonine metabolism",37,-0.609630383244562,-1.86776173779724,0.00352275205402145,0.0263151759401536,0.0183621624273026,2079,"tags=49%, list=13%, signal=42%",501/4128/107080644/5224/635/26227/2593/27232/102724560/1757/2628/2731/875/29968/23464/275/55349/1491
hsa00410,beta-Alanine metabolism,27,-0.640961025103873,-1.8361248113629,0.0035782675499359,0.0263151759401536,0.0183621624273026,3047,"tags=48%, list=19%, signal=39%",51/223/1962/501/3030/57571/35/51733/224/23417/26275/18/4329
hsa04510,Focal adhesion,193,0.416771778274219,1.45314893084083,0.00414670426526717,0.0298731960334553,0.0208448721390444,3884,"tags=36%, list=25%, signal=28%",5228/3910/5159/1284/1278/3693/1277/7058/8515/7424/2335/22801/7450/2013/87/1311/2534/3672/1292/1282/896/2321/4659/2324/6093/10398/3674/2002/4638/60/3688/1291/1293/29780/3673/1287/3685/7057/3912/2316/2885/3675/7791/3915/387/71/7094/63923/6464/3918/7409/3913/6696/3082/5908/8394/3371/5881/399694/1499/7422/5156/64098/3911/5879/2932/824/5155/3678/331
hsa03050,Proteasome,43,0.580791609067082,1.65868119169434,0.00429732976700301,0.0303391481550413,0.0211700034837622,4420,"tags=56%, list=28%, signal=40%",7979/5682/10213/5687/5691/5706/5701/5693/51371/5685/5717/5709/5690/5707/5714/5704/5692/10197/5683/5708/5686/5698/5702/5696
hsa04064,NF-kappa B signaling pathway,103,0.468978610132958,1.51721974115364,0.005075234854186,0.0351285863436796,0.0245119701935918,2615,"tags=30%, list=17%, signal=25%",1540/6357/353376/10673/6351/3383/7099/7186/10892/23643/7329/597/929/7412/5743/5328/7185/3576/10913/695/2921/1457/283106/7187/5971/1647/7128/9560/60401/148022/4055
hsa05164,Influenza A,149,0.444657383103193,1.50775570000217,0.00528407896891373,0.0358707668466644,0.0250298477474861,3975,"tags=42%, list=25%, signal=32%",4600/3838/10379/3118/4599/4940/3383/29110/7099/355/637/3127/3120/4939/4938/896/8480/91543/5371/3627/29107/9021/6773/60/3576/3552/3717/317/3455/7187/9641/103/71/148022/54205/3337/3122/6772/8772/5610/3123/64135/23633/3117/7177/4928/3108/6041/3119/114548/3109/3113/7132/4793/5970/3115/8766/51284/6347/23430/4790/4615/8717
hsa05163,Human cytomegalovirus infection,200,0.414367988771094,1.45085963561002,0.00551871638625185,0.0367567336669227,0.0256480562936034,4032,"tags=36%, list=25%, signal=27%",1029/2771/5530/4776/1385/6351/2790/29110/340061/2783/3105/355/637/7186/1871/109/10672/811/7852/5925/3708/6348/2776/5332/6009/5743/3845/6093/567/2002/6774/3576/3685/5566/3106/115004/2885/2768/387/2770/9560/2793/54205/3107/54331/8772/6890/3135/3587/2923/5330/5534/5881/1499/7422/5156/3133/1230/113/2773/414062/3134/5879/7132/5970/2782/2932/6347/4790/6891/8717/1234
hsa04964,Proximal tubule bicarbonate reclamation,21,-0.661550469326238,-1.78964555621656,0.00597169432425128,0.0390371869714945,0.0272393074439532,2530,"tags=43%, list=16%, signal=36%",6550/358/762/10991/1468/476/5106/27165/8671
hsa04620,Toll-like receptor signaling pathway,91,0.475332791361682,1.51120119552842,0.00641193981830271,0.0400254132053685,0.0279288704042231,4562,"tags=44%, list=29%, signal=31%",941/10379/353376/6351/1513/29110/7099/7097/23643/929/6348/3627/1326/6773/3576/3455/7100/7187/9641/51311/9560/942/148022/6772/8772/6696/6885/414062/5879/7096/5970/51284/4790/4615/3454/3654/3716/7297/5295/10000
hsa04613,Neutrophil extracellular trap formation,175,0.41343817815753,1.42810051369704,0.00646302706149009,0.0400254132053685,0.0279288704042231,4725,"tags=49%, list=30%, signal=35%",440093/728/2243/7099/7097/7450/23569/27180/5332/51564/92815/64581/3015/128312/3674/1536/60/4688/8348/3018/2214/9734/1182/2357/6404/9555/3684/2215/51311/1183/8969/2359/8331/8359/71/8970/3014/8357/3689/6403/8342/8363/8340/8332/8362/126961/3012/653361/333932/5330/2212/6885/10533/8346/5879/8337/5970/8352/718/51284/653604/440686/8344/4790/8361/723790/8329/8347/1378/8368/55869/366/8339/94239/2209/8350/5295/4689/1184/8336/10000/8334/85235/8294/8358/5880
hsa05132,Salmonella infection,238,0.400138457532336,1.42346166259223,0.00645575989912418,0.0400254132053685,0.0279288704042231,4003,"tags=35%, list=25%, signal=26%",10381/6990/2597/8655/10095/7846/10640/10376/7099/81873/7097/7186/79659/23643/10392/929/57617/113146/3839/55860/7277/51176/388/10092/10398/6500/5878/60/3576/3071/112574/4074/338382/5869/55845/27072/127829/2316/9842/83658/7100/391/1778/387/382/3320/10109/5898/10093/71/54205/5217/10121/84790/51209/10096/7879/8772/1780/375189/55207/9265/8767/1499/203068/6885/5216/9266/10097/114548/5879/1639/7132/10094/5970/3326/4790/4615/5585/3831/8717/10383/140735
hsa04512,ECM-receptor interaction,80,0.501924311698348,1.56469060654028,0.00688682087203228,0.0412041994547016,0.0287514020348894,2405,"tags=35%, list=15%, signal=30%",3910/1284/1278/3693/1277/7058/8515/2335/22801/7450/1311/3672/1292/1282/3339/3674/3688/1291/961/1293/3673/1287/3685/9900/7057/3912/3675/3915
hsa04517,IgSF CAM signaling,283,0.391828977244291,1.41614391778756,0.00677854913930669,0.0412041994547016,0.0287514020348894,2998,"tags=25%, list=19%, signal=20%",10381/941/9353/57555/1796/3786/219699/92154/6709/8655/10095/7846/10376/3383/2243/55243/4685/81873/8499/57689/87/2534/8828/139065/57502/78999/91584/6091/145581/940/4478/23380/8497/7277/9046/10458/3687/10092/7204/10398/4638/60/3688/90952/1272/351/3684/5361/5376/3937/2885/55558/1000/28964/387/382/4690/10109/10093/71/942/5819/4637/3689/84790/22829/7409/8777/3556/10096
hsa05410,Hypertrophic cardiomyopathy,85,0.477505402901398,1.5016002850294,0.00750246109405778,0.0441394794367066,0.0307995771229741,2553,"tags=28%, list=16%, signal=24%",488/781/3693/8515/22801/6443/3672/785/784/27092/775/6444/3674/60/3688/3673/5571/3685/7171/4607/183/3675/7169/71
hsa05417,Lipid and atherosclerosis,191,0.410305849524461,1.42913028693622,0.00783304435854144,0.0453289288289365,0.031629549264861,3938,"tags=34%, list=25%, signal=25%",19/5530/4314/4318/353376/3383/29110/7099/7097/355/3308/637/7186/4846/23643/929/3708/30001/6348/5332/7412/3845/9619/3310/25833/1536/6774/3576/4973/4688/2921/3717/317/815/3305/57534/7187/6648/9641/387/3320/148022/54205/6403/817/7409/5908/653361/5330/5534/6885/114548/414062/5879/4312/7132/5970/2932/3326/5468/6347/3306/4790/4615
hsa05145,Toxoplasmosis,106,0.457264838698298,1.48188332617651,0.00804063925040481,0.0453776933818304,0.0316635761185279,4975,"tags=53%, list=31%, signal=36%",2771/3118/3910/7099/7097/3127/3120/23643/3310/3688/6774/3717/3912/3305/3586/3915/8651/2770/54205/3918/3122/6772/3913/3123/3587/3117/3108/6885/3119/3911/23533/3109/2773/3113/7132/4793/5970/3115/7043/146850/331/4790/4615/1234/3303/3654/3716/7297/3304/10000/598/3909/7040/3111/5294/5602
hsa05170,Human immunodeficiency virus 1 infection,192,0.419654244969388,1.4628467884243,0.00809856850723886,0.0453776933818304,0.0316635761185279,4032,"tags=34%, list=25%, signal=26%",2771/5530/684/4776/2790/3984/29110/340061/2783/3105/7099/7097/355/8907/60489/637/7186/811/7852/3708/200316/2776/9978/8450/6921/3845/920/567/6500/891/1174/8454/983/130340/3106/115004/7465/2770/27350/2793/54205/7133/3107/54331/8772/6890/3135/2923/5534/5881/915/6885/3133/2773/200315/3134/5879/7132/5970/2782/4790/4615/6891/8717/1234
hsa05206,MicroRNAs in cancer,157,0.415886260997545,1.4194505492218,0.00883983915322806,0.0487572378295235,0.0340217493726212,3936,"tags=36%, list=25%, signal=28%",1029/4318/5159/4854/994/6624/1944/5268/8434/1946/4325/1871/7329/23414/3925/672/659/1545/8660/1786/5743/3845/6093/9839/5328/6774/1945/7057/898/6935/2885/6659/387/8651/100532731/4170/63923/6464/8626/7431/3667/85414/3371/399694/7422/648/5156/113130/4855/4082/4363/3162/9493/5155/3678/25/4790
