ID,Description,GeneRatio,BgRatio,RichFactor,FoldEnrichment,zScore,pvalue,p.adjust,qvalue,geneID,Count
GO:0030198,extracellular matrix organization,42/250,288/14287,0.145833333333333,8.33408333333333,16.7796058340547,7.60344978615803e-27,1.02016495722952e-23,8.74614498265961e-24,ADAMTS6/KLK7/OLFML2B/AEBP1/TGFBI/MMP3/FOXC2/SULF2/ADAMTS18/PXDN/COL8A2/COL5A1/MMP9/COL4A2/ZNF469/MMP11/ADAMTS7/COL1A2/ANTXR1/ADAMTS2/COL3A1/COL5A2/COL1A1/FSCN1/HMCN1/SERPINH1/CTSK/RUNX1/LUM/COL12A1/SULF1/MMP13/MMP10/SFRP2/SERPINB5/POSTN/EMILIN1/ADAMTSL2/ADAMTS12/COMP/FKBP10/MIA,42
GO:0043062,extracellular structure organization,42/250,289/14287,0.145328719723183,8.30524567474049,16.7432179225252,8.7675653128571e-27,1.02016495722952e-23,8.74614498265961e-24,ADAMTS6/KLK7/OLFML2B/AEBP1/TGFBI/MMP3/FOXC2/SULF2/ADAMTS18/PXDN/COL8A2/COL5A1/MMP9/COL4A2/ZNF469/MMP11/ADAMTS7/COL1A2/ANTXR1/ADAMTS2/COL3A1/COL5A2/COL1A1/FSCN1/HMCN1/SERPINH1/CTSK/RUNX1/LUM/COL12A1/SULF1/MMP13/MMP10/SFRP2/SERPINB5/POSTN/EMILIN1/ADAMTSL2/ADAMTS12/COMP/FKBP10/MIA,42
GO:0045229,external encapsulating structure organization,42/250,290/14287,0.144827586206897,8.27660689655173,16.7070052325353,1.01039777870206e-26,1.02016495722952e-23,8.74614498265961e-24,ADAMTS6/KLK7/OLFML2B/AEBP1/TGFBI/MMP3/FOXC2/SULF2/ADAMTS18/PXDN/COL8A2/COL5A1/MMP9/COL4A2/ZNF469/MMP11/ADAMTS7/COL1A2/ANTXR1/ADAMTS2/COL3A1/COL5A2/COL1A1/FSCN1/HMCN1/SERPINH1/CTSK/RUNX1/LUM/COL12A1/SULF1/MMP13/MMP10/SFRP2/SERPINB5/POSTN/EMILIN1/ADAMTSL2/ADAMTS12/COMP/FKBP10/MIA,42
GO:0030199,collagen fibril organization,19/250,67/14287,0.283582089552239,16.2061492537313,16.6492636004353,2.38307268682673e-18,1.80458179209954e-15,1.54711587326356e-15,AEBP1/FOXC2/PXDN/COL5A1/MMP11/ADAMTS7/COL1A2/ADAMTS2/COL3A1/COL5A2/COL1A1/SERPINH1/LUM/COL12A1/SFRP2/EMILIN1/ADAMTS12/COMP/FKBP10,19
GO:0001501,skeletal system development,38/250,462/14287,0.0822510822510823,4.70048484848485,10.7903423860857,1.27056510433713e-15,7.69708340207432e-13,6.59891392084146e-13,TWIST1/HOXD8/HOXC4/TGFBI/MSX2/HOXB7/FOXC2/SULF2/TIMP1/PRELP/MMP9/CCN4/ECM1/CHST11/ADAMTS7/TBX15/COL1A2/HOXB5/BGN/COL3A1/SNAI1/CDH11/COL5A2/COL1A1/SERPINH1/CTSK/RUNX1/LUM/SULF1/MMP13/SFRP2/HOXA5/GLI2/HOXA10/ADAMTS12/COMP/HOXA1/EDNRA,38
GO:0051216,cartilage development,23/250,190/14287,0.121052631578947,6.91791578947368,10.9589869265057,2.63871240036903e-13,1.27272719735327e-10,1.09114281102692e-10,HOXC4/TGFBI/MSX2/SULF2/TIMP1/CCN4/ECM1/CHST11/ADAMTS7/BGN/COL3A1/SNAI1/COL1A1/SERPINH1/CTSK/RUNX1/LUM/SULF1/MMP13/SFRP2/HOXA5/ADAMTS12/COMP,23
GO:0061448,connective tissue development,27/250,273/14287,0.0989010989010989,5.652,10.3568610638311,2.94126456965099e-13,1.27272719735327e-10,1.09114281102692e-10,HOXC4/TGFBI/MSX2/FOXC2/SULF2/TIMP1/COL5A1/PDGFRB/CCN4/ECM1/CHST11/ADAMTS7/ACTA2/BGN/COL3A1/SNAI1/COL1A1/SERPINH1/CTSK/RUNX1/LUM/SULF1/MMP13/SFRP2/HOXA5/ADAMTS12/COMP,27
GO:0032963,collagen metabolic process,15/250,99/14287,0.151515151515152,8.65878787878788,10.2048171152234,1.6892793122091e-10,6.39603379585171e-08,5.48348955686823e-08,MMP3/INHBA/COL5A1/MMP9/MMP11/COL1A2/ADAMTS2/COL1A1/SERPINH1/CTSK/RUNX1/MMP13/MMP10/EMILIN1/RCN3,15
GO:0001503,ossification,27/250,386/14287,0.0699481865284974,3.99739896373057,7.96715673133723,8.85722573322153e-10,2.98094852732534e-07,2.55564630220556e-07,TWIST1/EGR2/ISG15/MSX2/FOXC2/SLC24A3/CLEC11A/CCN4/ECM1/DKK1/ADAMTS7/COL1A2/SNAI1/CDH11/COL1A1/IGFBP3/IGFBP5/ITGA11/RUNX1/MMP13/PDLIM7/SFRP2/GLI2/SEMA7A/ADAMTS12/IFITM1/COMP,27
GO:0043588,skin development,20/250,241/14287,0.0829875518672199,4.74257261410788,7.81970918383596,8.69840109876303e-09,2.63474569281532e-06,2.25883742217352e-06,CDKN2A/FGF7/MSX2/INHBA/COL5A1/DKK1/KRT14/HPSE/COL1A2/ADAMTS2/COL3A1/SNAI1/COL5A2/COL1A1/CSTA/IGFBP5/SCEL/GLI2/LIPN/COMP,20
GO:0002062,chondrocyte differentiation,14/250,113/14287,0.123893805309735,7.08028318584071,8.65974276397721,1.03152131465033e-08,2.84043460188714e-06,2.43517998396399e-06,TGFBI/MSX2/SULF2/CCN4/ECM1/CHST11/ADAMTS7/COL3A1/SERPINH1/RUNX1/SULF1/SFRP2/ADAMTS12/COMP,14
GO:0048706,embryonic skeletal system development,13/250,103/14287,0.12621359223301,7.21285436893204,8.44497954684445,2.79461393258454e-08,7.05407133483213e-06,6.04764260674215e-06,TWIST1/HOXC4/HOXB7/FOXC2/SULF2/CHST11/TBX15/HOXB5/COL1A1/SULF1/HOXA5/HOXA1/EDNRA,13
GO:0002063,chondrocyte development,8/250,34/14287,0.235294117647059,13.4465882352941,9.69671911213038,9.62981260555118e-08,2.24374633709343e-05,1.92362329537609e-05,MSX2/SULF2/ECM1/CHST11/SERPINH1/SULF1/SFRP2/COMP,8
GO:0048705,skeletal system morphogenesis,16/250,197/14287,0.0812182741116751,4.64146192893401,6.8681784037971,3.75539884185166e-07,8.12507363712049e-05,6.96584131041207e-05,TWIST1/HOXD8/HOXC4/MSX2/HOXB7/FOXC2/CHST11/TBX15/HOXB5/COL3A1/COL1A1/SERPINH1/MMP13/HOXA5/COMP/HOXA1,16
GO:0035987,endodermal cell differentiation,8/250,47/14287,0.170212765957447,9.72731914893617,7.99766059426097,1.3703510504918e-06,0.000276719555462643,0.00023723902046058,INHBA/COL5A1/MMP9/COL4A2/DKK1/COL5A2/FN1/COL12A1,8
GO:0001706,endoderm formation,8/250,54/14287,0.148148148148148,8.46637037037037,7.33578107267059,4.07965524501204e-06,0.000730025801164718,0.000625870497983826,INHBA/COL5A1/MMP9/COL4A2/DKK1/COL5A2/FN1/COL12A1,8
GO:0001704,formation of primary germ layer,11/250,112/14287,0.0982142857142857,5.61275,6.540268415883,4.18010181998171e-06,0.000730025801164718,0.000625870497983826,FOXC2/INHBA/COL5A1/MMP9/COL4A2/DKK1/SNAI1/COL5A2/FN1/COL12A1/SFRP2,11
GO:0048704,embryonic skeletal system morphogenesis,9/250,72/14287,0.125,7.1435,6.97423948122165,4.33821869295639e-06,0.000730025801164718,0.000625870497983826,TWIST1/HOXC4/HOXB7/FOXC2/CHST11/TBX15/HOXB5/HOXA5/HOXA1,9
GO:0030574,collagen catabolic process,7/250,40/14287,0.175,10.0009,7.60750764567322,5.26018373448735e-06,0.000838584027987483,0.000718940347533534,MMP3/MMP9/MMP11/ADAMTS2/CTSK/MMP13/MMP10,7
GO:0022617,extracellular matrix disassembly,8/250,59/14287,0.135593220338983,7.7488813559322,6.93224731522807,8.06337522409404e-06,0.00122119817768904,0.00104696561462316,KLK7/MMP3/MMP9/MMP11/FSCN1/CTSK/MMP13/MMP10,8
GO:0031589,cell-substrate adhesion,19/250,341/14287,0.0557184750733138,3.18419941348974,5.44794635480444,9.08594005255314e-06,0.00131053868662778,0.00112355960449366,LYPD3/CDKN2A/CDH13/EDIL3/COL16A1/HPSE/ANTXR1/THY1/COL3A1/CDH11/COL1A1/FN1/KIF14/ITGA11/FGA/POSTN/EMILIN1/EFNA5/ADAMTS12,19
GO:0007369,gastrulation,13/250,171/14287,0.0760233918128655,4.34458479532164,5.87181844338308,9.7948951938772e-06,0.00134148806893503,0.0011500933315017,APLN/FOXC2/INHBA/COL5A1/MMP9/COL4A2/DKK1/TENM4/SNAI1/COL5A2/FN1/COL12A1/SFRP2,13
GO:0032964,collagen biosynthetic process,7/250,44/14287,0.159090909090909,9.09172727272727,7.17389498646381,1.01862745412696e-05,0.00134148806893503,0.0011500933315017,INHBA/COL5A1/COL1A1/SERPINH1/RUNX1/EMILIN1/RCN3,7
GO:0060348,bone development,14/250,200/14287,0.07,4.00036,5.70252614007792,1.15039377764325e-05,0.00145189281353391,0.00124474624975697,TWIST1/MSX2/SULF2/CCN4/ECM1/ADAMTS7/BGN/COL3A1/COL1A1/SERPINH1/SULF1/MMP13/ADAMTS12/COMP,14
GO:0045071,negative regulation of viral genome replication,7/250,46/14287,0.152173913043478,8.6964347826087,6.97728468895659,1.38102398871548e-05,0.00167324866472768,0.00143452049690994,ISG15/BST2/MX1/OAS3/OASL/SLPI/IFITM1,7
GO:0007160,cell-matrix adhesion,15/250,232/14287,0.0646551724137931,3.69491379310345,5.52282932204253,1.45162738927516e-05,0.00169114590850556,0.00144986427908576,LYPD3/CDKN2A/CDH13/COL16A1/HPSE/THY1/COL3A1/CDH11/FN1/ITGA11/FGA/POSTN/EMILIN1/EFNA5/ADAMTS12,15
GO:0048525,negative regulation of viral process,8/250,71/14287,0.112676056338028,6.43921126760563,6.13146949701936,3.22926253157205e-05,0.0036227541511599,0.00310588330034629,ISG15/BST2/MX1/OAS3/OASL/CH25H/SLPI/IFITM1,8
GO:0042303,molting cycle,9/250,97/14287,0.0927835051546392,5.30239175257732,5.67404530369299,4.98369565176169e-05,0.00520538418247799,0.00446271403734885,FGF7/MSX2/INHBA/DKK1/KRT14/HPSE/SNAI1/IGFBP5/GLI2,9
GO:0042633,hair cycle,9/250,97/14287,0.0927835051546392,5.30239175257732,5.67404530369299,4.98369565176169e-05,0.00520538418247799,0.00446271403734885,FGF7/MSX2/INHBA/DKK1/KRT14/HPSE/SNAI1/IGFBP5/GLI2,9
GO:0007492,endoderm development,8/250,76/14287,0.105263157894737,6.01557894736842,5.8506446939383,5.30881842443349e-05,0.00536013700253635,0.0045953877379219,INHBA/COL5A1/MMP9/COL4A2/DKK1/COL5A2/FN1/COL12A1,8
GO:0021675,nerve development,8/250,78/14287,0.102564102564103,5.86133333333333,5.74525252676467,6.40597483727611e-05,0.00625925734906753,0.00536622747828868,NPTX1/EGR2/SULF2/NGF/SULF1/HOXA1/EDNRA/NRP2,8
GO:1904888,cranial skeletal system development,7/250,60/14287,0.116666666666667,6.66726666666667,5.87057695016513,8.09220000181804e-05,0.0074572987423237,0.0063933401669172,TWIST1/MSX2/FOXC2/CHST11/TBX15/HOXA1/EDNRA,7
GO:0001942,hair follicle development,8/250,81/14287,0.0987654320987654,5.64424691358025,5.59384054821248,8.40051188428894e-05,0.0074572987423237,0.0063933401669172,FGF7/MSX2/INHBA/DKK1/HPSE/SNAI1/IGFBP5/GLI2,8
GO:0006029,proteoglycan metabolic process,9/250,104/14287,0.0865384615384615,4.9455,5.38918190861638,8.61688530806635e-05,0.0074572987423237,0.0063933401669172,SULF2/CHST11/ADAMTS7/HPSE/CHST1/SULF1/ST3GAL4/ADAMTS12/EDNRA,9
GO:0060840,artery development,9/250,104/14287,0.0865384615384615,4.9455,5.38918190861638,8.61688530806635e-05,0.0074572987423237,0.0063933401669172,ADAMTS6/EGR2/FOXC2/PDGFRB/COL3A1/COMP/HOXA1/EDNRA/FKBP10,9
GO:0045765,regulation of angiogenesis,15/250,272/14287,0.0551470588235294,3.15154411764706,4.78108355990205,9.09236953124931e-05,0.00765021869726504,0.00655873556537779,TWIST1/ADM/FOXC2/COL4A2/ECM1/PKM/SPARC/THBS2/C5AR1/RUNX1/SULF1/SFRP2/HK2/HOXA5/EMILIN1,15
GO:0085029,extracellular matrix assembly,6/250,43/14287,0.13953488372093,7.97413953488372,6.11219293888805,9.57914130560078e-05,0.00784195108504453,0.00672311283098638,PXDN/COL1A2/ANTXR1/COL3A1/EMILIN1/FKBP10,6
GO:1903900,regulation of viral life cycle,9/250,107/14287,0.0841121495327103,4.80684112149533,5.27480856381171,0.000107456934482089,0.0082330067762529,0.00705837525569179,KPNA2/ISG15/BST2/MX1/OAS3/OASL/CH25H/SLPI/IFITM1,9
GO:0022404,molting cycle process,8/250,84/14287,0.0952380952380952,5.44266666666667,5.44981181520538,0.000108846058561735,0.0082330067762529,0.00705837525569179,FGF7/MSX2/INHBA/DKK1/HPSE/SNAI1/IGFBP5/GLI2,8
GO:0022405,hair cycle process,8/250,84/14287,0.0952380952380952,5.44266666666667,5.44981181520538,0.000108846058561735,0.0082330067762529,0.00705837525569179,FGF7/MSX2/INHBA/DKK1/HPSE/SNAI1/IGFBP5/GLI2,8
GO:0099560,synaptic membrane adhesion,5/250,28/14287,0.178571428571429,10.205,6.50648527527576,0.000111440501098174,0.0082330067762529,0.00705837525569179,ELFN2/TENM4/ELFN1/LRRC4C/EFNA5,5
GO:1901342,regulation of vasculature development,15/250,279/14287,0.0537634408602151,3.07247311827957,4.66542399275281,0.000120628256639366,0.00869959498477713,0.00745839371251418,TWIST1/ADM/FOXC2/COL4A2/ECM1/PKM/SPARC/THBS2/C5AR1/RUNX1/SULF1/SFRP2/HK2/HOXA5/EMILIN1,15
GO:0070372,regulation of ERK1 and ERK2 cascade,14/250,255/14287,0.0549019607843137,3.13753725490196,4.59634026908582,0.000163181886897541,0.011494835707271,0.00985482778399593,ROS1/PLA2G5/NLRP12/INHBA/PDGFRB/ACTA2/C5AR1/FN1/ICAM1/NGF/MARCO/FGA/SEMA7A/EMILIN1,14
GO:0007229,integrin-mediated signaling pathway,9/250,114/14287,0.0789473684210526,4.51168421052632,5.02371697552288,0.000174739324061004,0.0116261907801914,0.00996744197485092,ISG15/TIMP1/COL16A1/THY1/COL3A1/FN1/ITGA11/FCER1G/SEMA7A,9
GO:0042742,defense response to bacterium,13/250,226/14287,0.0575221238938053,3.28727433628319,4.62543465430694,0.000176605996960561,0.0116261907801914,0.00996744197485092,SSC5D/ADM/KLK7/ISG15/PI3/CCL20/OAS3/TREM1/C5AR1/FGA/FCER1G/SLPI/EMILIN1,13
GO:0007193,adenylate cyclase-inhibiting G protein-coupled receptor signaling pathway,7/250,68/14287,0.102941176470588,5.88288235294118,5.38622345964268,0.000180399790910861,0.0116261907801914,0.00996744197485092,APLN/GPR176/RGS1/C5AR1/MARCO/INSL3/EDNRA,7
GO:0048844,artery morphogenesis,7/250,68/14287,0.102941176470588,5.88288235294118,5.38622345964268,0.000180399790910861,0.0116261907801914,0.00996744197485092,FOXC2/PDGFRB/COL3A1/COMP/HOXA1/EDNRA/FKBP10,7
GO:0090288,negative regulation of cellular response to growth factor stimulus,8/250,92/14287,0.0869565217391304,4.96939130434783,5.0972778391116,0.000206125554745492,0.0130073813609186,0.0111515733236212,APLN/SULF2/DKK1/HTRA1/SULF1/SFRP2/EMILIN1/ADAMTS12,8
GO:0009952,anterior/posterior pattern specification,11/250,171/14287,0.064327485380117,3.67618713450292,4.69836644485721,0.000212511844832847,0.0131367015918101,0.0112624429903895,TBX18/HOXD8/HOXC4/MSX2/HOXB7/FOXC2/DKK1/HOXB5/SFRP2/HOXA5/HOXA10,11
GO:0042325,regulation of phosphorylation,18/250,405/14287,0.0444444444444444,2.53991111111111,4.19551541848617,0.000283676509976067,0.0171851229743501,0.0147332621075991,CDKN2A/CD80/GCKR/FGF7/APLN/INHBA/PKIA/OSM/MMP9/PDGFRB/IL31RA/THY1/ODAM/IGFBP3/FN1/KIF14/SFRP2/EFNA5,18
GO:0045069,regulation of viral genome replication,7/250,74/14287,0.0945945945945946,5.40589189189189,5.07101617375019,0.00030640494141446,0.0180631786335822,0.015486042532379,ISG15/BST2/MX1/OAS3/OASL/SLPI/IFITM1,7
GO:0042060,wound healing,18/250,408/14287,0.0441176470588235,2.52123529411765,4.16040456125216,0.000310097487271798,0.0180631786335822,0.015486042532379,MSX2/FOXC2/DGKI/ADAMTS18/TIMP1/COL5A1/CCN4/HPSE/COL3A1/ODAM/FN1/FGA/FCER1G/EMILIN1/ST3GAL4/INSL3/COMP/FKBP10,18
GO:0050866,negative regulation of cell activation,12/250,209/14287,0.0574162679425837,3.28122488038278,4.43362481821924,0.000317650344985036,0.0181540168860316,0.015563920577519,CLEC12A/CDKN2A/CD80/PLA2G5/ADAMTS18/INHBA/IL31RA/FN1/RUNX1/CD300LF/LRRC32/EMILIN1,12
GO:0052547,regulation of peptidase activity,4/250,20/14287,0.2,11.4296,6.22880158668351,0.000355613822163978,0.0199473012469387,0.0171013508631293,TIMP2/TIMP1/ECM1/RCN3,4
GO:0098742,cell-cell adhesion via plasma-membrane adhesion molecules,13/250,244/14287,0.0532786885245902,3.04477049180328,4.29929961385196,0.000372120687443617,0.0204937011321221,0.0175697939889647,ELFN2/CDH13/PCDHB7/TENM4/CDH11/FXYD5/HMCN1/ICAM1/CLDN11/PCDH7/ELFN1/LRRC4C/EFNA5,13
GO:0031214,biomineral tissue development,10/250,154/14287,0.0649350649350649,3.71090909090909,4.51384157350947,0.000380720084390081,0.020592877421742,0.0176548204547054,TWIST1/ISG15/MSX2/SLC24A3/ECM1/COL1A2/ODAM/COL1A1/MMP13/COMP,10
GO:0045766,positive regulation of angiogenesis,10/250,155/14287,0.0645161290322581,3.68696774193548,4.48863885548386,0.000400838873902641,0.0213007184044053,0.0182616713188886,TWIST1/ADM/FOXC2/ECM1/PKM/C5AR1/RUNX1/SFRP2/HK2/EMILIN1,10
GO:0090303,positive regulation of wound healing,6/250,56/14287,0.107142857142857,6.123,5.12612081131124,0.000422074089005797,0.0220424554413545,0.018897582170187,FOXC2/CCN4/HPSE/EMILIN1/ST3GAL4/INSL3,6
GO:0048701,embryonic cranial skeleton morphogenesis,5/250,37/14287,0.135135135135135,7.7227027027027,5.46418648845338,0.000434763033507649,0.0223202920083842,0.0191357788343153,TWIST1/FOXC2/CHST11/TBX15/HOXA1,5
GO:0001649,osteoblast differentiation,12/250,218/14287,0.055045871559633,3.14576146788991,4.2605557405301,0.000465125934854665,0.0233635779920159,0.020030215602267,TWIST1/MSX2/CCN4/SNAI1/COL1A1/IGFBP3/IGFBP5/ITGA11/SFRP2/GLI2/SEMA7A/IFITM1,12
GO:0070371,ERK1 and ERK2 cascade,14/250,283/14287,0.049469964664311,2.82710954063604,4.14304766080567,0.000472216371544373,0.0233635779920159,0.020030215602267,ROS1/PLA2G5/NLRP12/INHBA/PDGFRB/ACTA2/C5AR1/FN1/ICAM1/NGF/MARCO/FGA/SEMA7A/EMILIN1,14
GO:1904018,positive regulation of vasculature development,10/250,159/14287,0.0628930817610063,3.59421383647799,4.38987513767817,0.000490387881673937,0.0233635779920159,0.020030215602267,TWIST1/ADM/FOXC2/ECM1/PKM/C5AR1/RUNX1/SFRP2/HK2/EMILIN1,10
GO:0001819,positive regulation of cytokine production,19/250,461/14287,0.0412147505422994,2.35534056399132,3.94765144720242,0.000493651037137345,0.0233635779920159,0.020030215602267,CLEC12A/TWIST1/CD80/KPNA2/ISG15/SULF2/NLRP12/HILPDA/OSM/OAS3/HPSE/C5AR1/RUNX1/LUM/FCER1G/SULF1/POSTN/SEMA7A/LILRA2,19
GO:0002009,morphogenesis of an epithelium,19/250,461/14287,0.0412147505422994,2.35534056399132,3.94765144720242,0.000493651037137345,0.0233635779920159,0.020030215602267,TWIST1/TBX18/ADM/FGF7/MSX2/HOXB7/FOXC2/COL5A1/KRT14/KIF26B/SNAI1/IGFBP5/SULF1/SFRP2/HOXA5/SERPINB5/GLI2/ADAMTS12/EDNRA,19
GO:0050792,regulation of viral process,9/250,132/14287,0.0681818181818182,3.89645454545455,4.46156190683836,0.000521161424297463,0.0242861223722618,0.0208211373885318,KPNA2/ISG15/BST2/MX1/OAS3/OASL/CH25H/SLPI/IFITM1,9
GO:0090287,regulation of cellular response to growth factor stimulus,14/250,288/14287,0.0486111111111111,2.77802777777778,4.06793922527623,0.000561844989956568,0.0253333202402732,0.0217189279188038,MSX2/APLN/SULF2/DKK1/CHST11/HTRA1/LRRC32/SULF1/DOK5/SFRP2/EMILIN1/ADAMTSL2/DKK3/ADAMTS12,14
GO:0010466,negative regulation of peptidase activity,3/250,10/14287,0.3,17.1444,6.81540403098168,0.000580035487528101,0.0253333202402732,0.0217189279188038,TIMP2/TIMP1/ECM1,3
GO:0071372,cellular response to follicle-stimulating hormone stimulus,3/250,10/14287,0.3,17.1444,6.81540403098168,0.000580035487528101,0.0253333202402732,0.0217189279188038,INHBA/EFNA5/EDNRA,3
GO:0071492,cellular response to UV-A,3/250,10/14287,0.3,17.1444,6.81540403098168,0.000580035487528101,0.0253333202402732,0.0217189279188038,MMP3/TIMP1/MMP9,3
GO:0008544,epidermis development,14/250,290/14287,0.0482758620689655,2.75886896551724,4.03834279190838,0.000601545085652339,0.0253333202402732,0.0217189279188038,CDKN2A/KLK7/FGF7/MSX2/INHBA/DKK1/KRT14/HPSE/SNAI1/CSTA/IGFBP5/SCEL/GLI2/LIPN,14
GO:0035904,aorta development,6/250,60/14287,0.1,5.7148,4.8839410305918,0.000614025666836219,0.0253333202402732,0.0217189279188038,ADAMTS6/EGR2/PDGFRB/COL3A1/EDNRA/FKBP10,6
GO:1903053,regulation of extracellular matrix organization,6/250,60/14287,0.1,5.7148,4.8839410305918,0.000614025666836219,0.0253333202402732,0.0217189279188038,AEBP1/ZNF469/ANTXR1/FSCN1/RUNX1/EMILIN1,6
GO:0035282,segmentation,7/250,83/14287,0.0843373493975904,4.81971084337349,4.65749480547496,0.000618859974307677,0.0253333202402732,0.0217189279188038,TBX18/HOXD8/EGR2/FOXC2/DKK1/SFRP2/NRP2,7
GO:0050673,epithelial cell proliferation,17/250,396/14287,0.0429292929292929,2.45332323232323,3.91409381347496,0.00061890580976567,0.0253333202402732,0.0217189279188038,CDKN2A/CDH13/FGF7/APLN/SULF2/COL8A2/ECM1/ODAM/SPARC/IGFBP3/C5AR1/IGFBP5/SULF1/SFRP2/HOXA5/SERPINB5/NRP2,17
GO:0019731,antibacterial humoral response,5/250,40/14287,0.125,7.1435,5.19245000179909,0.000628890267058743,0.0253987815856124,0.0217750496678445,ADM/KLK7/PI3/FGA/SLPI,5
GO:0070374,positive regulation of ERK1 and ERK2 cascade,10/250,167/14287,0.0598802395209581,3.42203592814371,4.20155105871013,0.000719647737162449,0.0286817499455929,0.0245896255897474,PLA2G5/INHBA/PDGFRB/ACTA2/C5AR1/ICAM1/NGF/MARCO/FGA/SEMA7A,10
GO:1900046,regulation of hemostasis,6/250,62/14287,0.0967741935483871,5.53045161290323,4.77088975222431,0.000732379959906212,0.0288101155656613,0.0246996768433168,ADAMTS18/HPSE/FGA/EMILIN1/ST3GAL4/COMP,6
GO:0018149,peptide cross-linking,3/250,11/14287,0.272727272727273,15.5858181818182,6.45820826101133,0.000787265329995433,0.0305721369814893,0.0262103045762312,PI3/COL3A1/CSTA,3
GO:0031069,hair follicle morphogenesis,4/250,25/14287,0.16,9.14368,5.4386193759227,0.000866847209664269,0.0328511362518194,0.0281641511470656,FGF7/SNAI1/IGFBP5/GLI2,4
GO:1903036,positive regulation of response to wounding,6/250,64/14287,0.09375,5.357625,4.66264566866031,0.00086764308357397,0.0328511362518194,0.0281641511470656,FOXC2/CCN4/HPSE/EMILIN1/ST3GAL4/INSL3,6
GO:0098773,skin epidermis development,8/250,115/14287,0.0695652173913044,3.97551304347826,4.27546528015375,0.000928639146244186,0.0347265181972054,0.0297719658711424,FGF7/MSX2/INHBA/DKK1/HPSE/SNAI1/IGFBP5/GLI2,8
GO:0060349,bone morphogenesis,7/250,90/14287,0.0777777777777778,4.44484444444444,4.37502719063914,0.00100436052788019,0.0364946614181076,0.0312878419900511,TWIST1/MSX2/COL3A1/COL1A1/SERPINH1/MMP13/COMP,7
GO:0051336,regulation of hydrolase activity,10/250,175/14287,0.0571428571428571,3.2656,4.02435379186863,0.00103087614680417,0.0364946614181076,0.0312878419900511,PLA2G5/RGS16/TIMP2/TIMP1/ECM1/THY1/ODAM/RGS1/RCN3/EFNA5,10
GO:0032354,response to follicle-stimulating hormone,3/250,12/14287,0.25,14.287,6.14494042601615,0.00103616404158377,0.0364946614181076,0.0312878419900511,INHBA/EFNA5/EDNRA,3
GO:0061548,ganglion development,3/250,12/14287,0.25,14.287,6.14494042601615,0.00103616404158377,0.0364946614181076,0.0312878419900511,TUBB3/RGS4/NRP2,3
GO:0097084,vascular associated smooth muscle cell development,3/250,12/14287,0.25,14.287,6.14494042601615,0.00103616404158377,0.0364946614181076,0.0312878419900511,ADM/COMP/EDNRA,3
GO:0010810,regulation of cell-substrate adhesion,11/250,207/14287,0.0531400966183575,3.03685024154589,3.93940944183666,0.00106319617752925,0.0365656623902349,0.0313487130081874,CDKN2A/CDH13/EDIL3/COL16A1/THY1/COL1A1/FN1/FGA/POSTN/EMILIN1/EFNA5,11
GO:0061138,morphogenesis of a branching epithelium,10/250,176/14287,0.0568181818181818,3.24704545454545,4.0029251825955,0.00107653778880718,0.0365656623902349,0.0313487130081874,ADM/FGF7/MSX2/HOXB7/FOXC2/SULF1/SFRP2/HOXA5/GLI2/EDNRA,10
GO:0050731,positive regulation of peptidyl-tyrosine phosphorylation,5/250,45/14287,0.111111111111111,6.34977777777778,4.79672351031263,0.00108768935319167,0.0365656623902349,0.0313487130081874,CD80/FGF7/OSM/IL31RA/EFNA5,5
GO:0007389,pattern specification process,16/250,380/14287,0.0421052631578947,2.40623157894737,3.70783239628602,0.00109232089052613,0.0365656623902349,0.0313487130081874,TBX18/HOXD8/EGR2/HOXC4/MSX2/HOXB7/FOXC2/DKK1/MEIS3/HOXB5/SNAI1/SFRP2/HOXA5/GLI2/HOXA10/NRP2,16
GO:0003002,regionalization,15/250,344/14287,0.0436046511627907,2.49191860465116,3.73795797706944,0.00109853921344054,0.0365656623902349,0.0313487130081874,TBX18/HOXD8/EGR2/HOXC4/MSX2/HOXB7/FOXC2/DKK1/HOXB5/SNAI1/SFRP2/HOXA5/GLI2/HOXA10/NRP2,15
GO:0003416,endochondral bone growth,4/250,27/14287,0.148148148148148,8.46637037037037,5.18226749016361,0.00117009153640392,0.037704332593271,0.032324925199423,MSX2/ECM1/MMP13/COMP,4
GO:0048333,mesodermal cell differentiation,4/250,27/14287,0.148148148148148,8.46637037037037,5.18226749016361,0.00117009153640392,0.037704332593271,0.032324925199423,FOXC2/INHBA/DKK1/SFRP2,4
GO:0060384,innervation,4/250,27/14287,0.148148148148148,8.46637037037037,5.18226749016361,0.00117009153640392,0.037704332593271,0.032324925199423,NPTX1/SULF2/SULF1/EDNRA,4
GO:0032835,glomerulus development,6/250,68/14287,0.0882352941176471,5.0424705882353,4.45917971055625,0.0011952399903664,0.0381092834823138,0.032672100346082,FOXC2/SULF2/PDGFRB/ACTA2/SULF1/EDNRA,6
GO:0007409,axonogenesis,17/250,421/14287,0.0403800475059382,2.30763895486936,3.63447325277221,0.00121414537156396,0.0382349924405543,0.0327798739729448,TUBB3/NPTX1/MAP1A/EGR2/UNC5B/THY1/CDH11/ANOS1/FN1/NGF/LRRC4C/ETV1/GLI2/SEMA7A/EFNA5/EDNRA/NRP2,17
GO:0061041,regulation of wound healing,8/250,120/14287,0.0666666666666667,3.80986666666667,4.12501531850962,0.00122442861232544,0.0382349924405543,0.0327798739729448,FOXC2/ADAMTS18/CCN4/HPSE/FGA/EMILIN1/ST3GAL4/INSL3,8
GO:0048562,embryonic organ morphogenesis,12/250,245/14287,0.0489795918367347,2.79908571428571,3.79060551512178,0.00129251047584023,0.0395985397549286,0.0339488792811277,TWIST1/TBX18/HOXC4/HOXB7/FOXC2/CHST11/TBX15/HOXB5/SPARC/HOXA5/HOXA1/EDNRA,12
GO:0001710,mesodermal cell fate commitment,3/250,13/14287,0.230769230769231,13.188,5.86704545280146,0.00132967446900188,0.0395985397549286,0.0339488792811277,FOXC2/DKK1/SFRP2,3
GO:0070141,response to UV-A,3/250,13/14287,0.230769230769231,13.188,5.86704545280146,0.00132967446900188,0.0395985397549286,0.0339488792811277,MMP3/TIMP1/MMP9,3
GO:0071560,cellular response to transforming growth factor beta stimulus,12/250,246/14287,0.0487804878048781,2.78770731707317,3.77444523909373,0.00133816148014968,0.0395985397549286,0.0339488792811277,COL4A2/CHST11/COL1A2/ACTA2/COL3A1/HTRA1/COL1A1/LRRC32/POSTN/EMILIN1/ADAMTSL2/DKK3,12
GO:0048730,epidermis morphogenesis,4/250,28/14287,0.142857142857143,8.164,5.06381971885666,0.00134653337562154,0.0395985397549286,0.0339488792811277,FGF7/SNAI1/IGFBP5/GLI2,4
GO:0072012,glomerulus vasculature development,4/250,28/14287,0.142857142857143,8.164,5.06381971885666,0.00134653337562154,0.0395985397549286,0.0339488792811277,FOXC2/PDGFRB/ACTA2/EDNRA,4
GO:0050730,regulation of peptidyl-tyrosine phosphorylation,6/250,70/14287,0.0857142857142857,4.8984,4.36334561186534,0.0013908895354686,0.040509657720523,0.0347300048987959,CD80/FGF7/OSM/IL31RA/SFRP2/EFNA5,6
GO:0019730,antimicrobial humoral response,7/250,96/14287,0.0729166666666667,4.16704166666667,4.15500040931096,0.00146673298211743,0.0423117543127019,0.0362749901441975,ADM/KLK7/PI3/CCL20/CCL13/FGA/SLPI,7
GO:0035265,organ growth,9/250,153/14287,0.0588235294117647,3.36164705882353,3.91937071484159,0.0014915982857763,0.0426231246001549,0.0365419361570024,FGF7/MSX2/FOXC2/ECM1/RGS4/TENM4/RUNX1/MMP13/COMP,9
GO:0048568,embryonic organ development,16/250,394/14287,0.0406091370558376,2.32073096446701,3.54774690867846,0.00158729547993619,0.0447388629416814,0.0383558147997874,E2F7/TWIST1/TBX18/ADM/HOXC4/HOXB7/FOXC2/CHST11/TBX15/HOXB5/SNAI1/SPARC/HOXA5/GLI2/HOXA1/EDNRA,16
GO:0141091,transforming growth factor beta receptor superfamily signaling pathway,14/250,321/14287,0.043613707165109,2.49243613707165,3.60911259302924,0.00159517900221248,0.0447388629416814,0.0383558147997874,MSX2/INHBA/DKK1/CHST11/COL1A2/COL3A1/HTRA1/LRRC32/SULF1/SFRP2/EMILIN1/ADAMTSL2/DKK3/COMP,14
GO:0071559,response to transforming growth factor beta,12/250,253/14287,0.0474308300395257,2.71057707509881,3.66353503518263,0.00169654119063504,0.0453243663846666,0.038857782443736,COL4A2/CHST11/COL1A2/ACTA2/COL3A1/HTRA1/COL1A1/LRRC32/POSTN/EMILIN1/ADAMTSL2/DKK3,12
GO:0061564,axon development,18/250,473/14287,0.0380549682875264,2.17476532769556,3.46744947811329,0.00170422418051873,0.0453243663846666,0.038857782443736,TUBB3/NPTX1/MAP1A/EGR2/UNC5B/THY1/CDH11/ANOS1/FN1/NGF/NCAM2/LRRC4C/ETV1/GLI2/SEMA7A/EFNA5/EDNRA/NRP2,18
GO:0001708,cell fate specification,6/250,73/14287,0.0821917808219178,4.69709589041096,4.22622063965833,0.00172904309723346,0.0453243663846666,0.038857782443736,TBX18/DKK1/TBX15/TENM4/SFRP2/GLI2,6
GO:0003151,outflow tract morphogenesis,6/250,73/14287,0.0821917808219178,4.69709589041096,4.22622063965833,0.00172904309723346,0.0453243663846666,0.038857782443736,TWIST1/MSX2/FOXC2/SFRP2/EDNRA/NRP2,6
GO:0010575,positive regulation of vascular endothelial growth factor production,4/250,30/14287,0.133333333333333,7.61973333333333,4.84367755896552,0.00175361548072704,0.0453243663846666,0.038857782443736,SULF2/HPSE/C5AR1/SULF1,4
GO:0061437,renal system vasculature development,4/250,30/14287,0.133333333333333,7.61973333333333,4.84367755896552,0.00175361548072704,0.0453243663846666,0.038857782443736,FOXC2/PDGFRB/ACTA2/EDNRA,4
GO:0061440,kidney vasculature development,4/250,30/14287,0.133333333333333,7.61973333333333,4.84367755896552,0.00175361548072704,0.0453243663846666,0.038857782443736,FOXC2/PDGFRB/ACTA2/EDNRA,4
GO:0001763,morphogenesis of a branching structure,10/250,188/14287,0.0531914893617021,3.03978723404255,3.75714378799072,0.00176569007375063,0.0453243663846666,0.038857782443736,ADM/FGF7/MSX2/HOXB7/FOXC2/SULF1/SFRP2/HOXA5/GLI2/EDNRA,10
GO:0002695,negative regulation of leukocyte activation,10/250,188/14287,0.0531914893617021,3.03978723404255,3.75714378799072,0.00176569007375063,0.0453243663846666,0.038857782443736,CLEC12A/CDKN2A/CD80/PLA2G5/INHBA/IL31RA/FN1/RUNX1/CD300LF/LRRC32,10
GO:0033002,muscle cell proliferation,10/250,188/14287,0.0531914893617021,3.03978723404255,3.75714378799072,0.00176569007375063,0.0453243663846666,0.038857782443736,CDH13/APLN/FOXC2/MMP9/PDGFRB/CCN4/TENM4/IGFBP3/IGFBP5/RUNX1,10
GO:0001932,regulation of protein phosphorylation,15/250,363/14287,0.0413223140495868,2.36148760330579,3.50649459511913,0.00186533288023469,0.0474383946962392,0.0406701950324485,CDKN2A/CD80/FGF7/PKIA/OSM/MMP9/PDGFRB/IL31RA/THY1/ODAM/IGFBP3/FN1/KIF14/SFRP2/EFNA5,15
GO:0060485,mesenchyme development,13/250,291/14287,0.0446735395189003,2.55300343642612,3.57194794840784,0.00188197977871689,0.0474383946962392,0.0406701950324485,TWIST1/MSX2/FOXC2/DKK1/ACTA2/SNAI1/COL1A1/FN1/SFRP2/HOXA5/SEMA7A/EDNRA/NRP2,13
GO:0050678,regulation of epithelial cell proliferation,14/250,327/14287,0.0428134556574924,2.44670336391437,3.53182222992035,0.00189502996310497,0.0474383946962392,0.0406701950324485,CDKN2A/CDH13/FGF7/APLN/SULF2/ECM1/ODAM/SPARC/C5AR1/SULF1/SFRP2/HOXA5/SERPINB5/NRP2,14
GO:0060351,cartilage development involved in endochondral bone morphogenesis,4/250,31/14287,0.129032258064516,7.37393548387097,4.74108611947222,0.00198606373776788,0.0485343977716741,0.0416098275625862,COL1A1/SERPINH1/MMP13/COMP,4
GO:0061037,negative regulation of cartilage development,4/250,31/14287,0.129032258064516,7.37393548387097,4.74108611947222,0.00198606373776788,0.0485343977716741,0.0416098275625862,CCN4/ADAMTS7/CTSK/ADAMTS12,4
GO:0033627,cell adhesion mediated by integrin,6/250,75/14287,0.08,4.57184,4.13888353692676,0.0019868819160408,0.0485343977716741,0.0416098275625862,FOXC2/COL16A1/ICAM1/ITGA11/SFRP2/EMILIN1,6
GO:0072109,glomerular mesangium development,3/250,15/14287,0.2,11.4296,5.39335541674229,0.00206135171969268,0.049950674871593,0.0428240395156366,FOXC2/PDGFRB/ACTA2,3
